rownumber,sex1ismale,customerfromtvtrialoffer,specialoffertocontinuewasmadetouser,couponcodeusedforinitialsignup,noofshowstarted,noofshowsfinished,timeslotwatched,pandemicregistration,hoursstreamed,renewed1nonrenewed2,daysperweekwatching
1,1,0,0,0,5,2,3,1,1521,2,1
2,1,0,0,0,5,2,3,1,968,1,4
3,1,0,0,0,1,2,3,0,3087,2,5
4,1,0,0,0,1,2,3,0,3087,1,5
5,0,0,0,1,7,2,2,1,963,2,5
6,0,0,0,1,7,2,2,1,542,1,3
7,0,1,0,0,6,2,3,1,293,2,1
8,0,1,0,0,6,2,3,1,245,1,2
9,1,0,0,0,22,2,3,1,659,2,2
10,1,0,0,0,22,2,3,1,523,1,1
11,0,0,0,0,9,2,3,1,1767,2,4
12,0,0,0,0,9,2,3,1,904,1,6
13,1,0,0,0,5,2,3,1,420,2,6
14,1,0,0,0,5,2,3,1,229,1,4
15,1,0,0,0,1,2,3,0,3192,2,7
16,1,0,0,0,1,2,3,0,3192,1,5
17,1,0,0,1,2,2,3,0,3173,2,4
18,1,0,0,1,2,2,3,0,3173,1,5
19,0,0,0,0,1,2,3,0,3308,2,7
20,0,0,0,0,1,2,3,0,3308,1,2
21,0,0,0,1,1,2,3,0,2908,2,5
22,0,0,0,1,1,2,3,0,2908,1,3
23,1,0,0,0,2,3,3,0,3309,2,5
24,1,0,0,0,2,3,3,0,3309,1,4
25,1,0,0,0,1,2,3,0,2085,2,7
26,1,0,0,0,1,2,3,0,1130,1,4
27,1,1,0,0,3,2,3,0,2910,2,7
28,1,1,0,0,3,2,3,0,2231,1,6
29,1,1,0,0,4,2,3,0,2754,2,7
30,1,1,0,0,4,2,3,0,2754,1,6
31,1,0,0,0,1,2,3,0,3214,2,4
32,1,0,0,0,1,2,3,0,1323,1,4
33,1,1,0,1,6,2,3,1,406,2,5
34,1,1,0,1,6,2,3,1,258,1,2
35,1,1,0,0,1,2,3,0,522,2,4
36,1,1,0,0,1,2,3,0,389,1,1
37,0,1,0,0,1,2,2,0,887,2,3
38,0,1,0,0,1,2,2,0,604,1,2
39,0,0,0,1,1,2,3,0,3329,2,5
40,0,0,0,1,1,2,3,0,3329,1,1
41,1,1,0,0,1,2,3,0,2789,2,6
42,1,1,0,0,1,2,3,0,2789,1,6
43,1,1,0,0,4,2,3,0,739,2,7
44,1,1,0,0,4,2,3,0,527,1,3
45,0,0,0,0,4,2,3,0,709,2,5
46,0,0,0,0,4,2,3,0,348,1,4
47,0,0,0,0,1,2,2,0,2969,2,2
48,0,0,0,0,1,2,2,0,2969,1,7
49,0,0,0,0,4,2,3,0,2889,2,5
50,0,0,0,0,4,2,3,0,2889,1,6
51,1,0,0,0,1,2,3,0,1772,2,6
52,1,0,0,0,1,2,3,0,1759,1,1
53,0,0,0,1,13,2,3,1,384,2,1
54,0,0,0,1,13,2,3,1,121,1,2
55,0,0,0,0,1,2,3,0,968,2,6
56,0,0,0,0,1,2,3,0,290,1,5
57,0,1,0,0,6,3,3,1,218,2,3
58,0,1,0,0,6,3,3,1,157,1,7
59,1,0,0,0,1,3,3,0,133,2,6
60,1,0,0,0,1,3,3,0,62,1,4
61,0,0,0,0,1,2,1,0,3238,2,7
62,0,0,0,0,1,2,1,0,3238,1,1
63,0,1,0,0,3,2,3,0,3019,2,6
64,0,1,0,0,3,2,3,0,3019,1,5
65,0,0,0,0,2,2,3,0,1745,2,7
66,0,0,0,0,2,2,3,0,461,1,7
67,1,0,0,0,3,2,3,0,2527,2,2
68,1,0,0,0,3,2,3,0,1749,1,6
69,0,0,0,0,1,2,3,0,1387,2,2
70,0,0,0,0,1,2,3,0,593,1,5
71,0,0,0,1,1,3,3,0,3024,2,3
72,0,0,0,1,1,3,3,0,3024,1,3
73,1,0,0,0,19,2,3,1,570,2,7
74,1,0,0,0,19,2,3,1,43,1,4
75,0,0,0,0,1,3,3,0,2815,2,4
76,0,0,0,0,1,3,3,0,2815,1,5
77,1,0,0,0,2,3,3,0,2901,2,2
78,1,0,0,0,2,3,3,0,2901,1,4
79,1,0,0,0,7,2,3,1,553,2,1
80,1,0,0,0,7,2,3,1,348,1,2
81,1,0,0,0,2,2,3,0,905,2,2
82,1,0,0,0,2,2,3,0,510,1,1
83,0,1,0,0,1,1,3,0,3030,2,6
84,0,1,0,0,1,1,3,0,3030,1,7
85,1,1,0,0,3,2,2,0,685,2,1
86,1,1,0,0,3,2,2,0,489,1,3
87,0,1,0,0,2,2,3,0,2740,2,6
88,0,1,0,0,2,2,3,0,2740,1,7
89,1,0,0,0,1,1,3,0,2899,2,7
90,1,0,0,0,1,1,3,0,2899,1,5
91,0,0,1,0,2,2,3,0,2598,2,4
92,0,0,1,0,2,2,3,0,2598,1,3
93,0,0,0,0,1,3,1,0,2840,2,7
94,0,0,0,0,1,3,1,0,2840,1,5
95,0,1,0,0,2,1,3,0,2802,2,3
96,0,1,0,0,2,1,3,0,2802,1,4
97,1,0,0,0,6,2,3,1,2781,2,7
98,1,0,0,0,6,2,3,1,2781,1,6
99,1,0,0,0,5,3,3,1,833,2,2
100,1,0,0,0,5,3,3,1,136,1,3
101,0,0,0,0,2,2,3,0,1290,2,1
102,0,0,0,0,2,2,3,0,632,1,3
103,0,0,0,0,3,2,3,0,1620,2,2
104,0,0,0,0,3,2,3,0,1233,1,1
105,1,0,0,0,2,2,3,0,2765,2,2
106,1,0,0,0,2,2,3,0,2765,1,4
107,0,0,0,0,3,2,3,0,2708,2,7
108,0,0,0,0,3,2,3,0,2708,1,3
109,1,0,0,0,2,2,2,0,2737,2,4
110,1,0,0,0,2,2,2,0,2737,1,3
111,1,0,0,0,3,1,3,0,1178,2,7
112,1,0,0,0,3,1,3,0,352,1,3
113,1,0,0,0,2,2,3,0,2765,2,4
114,1,0,0,0,2,2,3,0,250,1,4
115,0,0,0,0,5,2,3,1,2883,2,4
116,0,0,0,0,5,2,3,1,2883,1,7
117,0,0,0,0,6,3,3,1,2679,2,2
118,0,0,0,0,6,3,3,1,2679,1,5
119,0,1,0,0,4,3,3,0,2925,2,3
120,0,1,0,0,4,3,3,0,2925,1,3
121,1,0,1,0,4,2,3,0,472,2,1
122,1,0,1,0,4,2,3,0,176,1,1
123,1,0,0,0,1,1,2,0,2772,2,7
124,1,0,0,0,1,1,2,0,2772,1,4
125,0,0,0,0,15,3,3,1,474,2,4
126,0,0,0,0,15,3,3,1,173,1,4
127,0,1,0,0,1,NA,3,0,2739,2,7
128,0,1,0,0,1,NA,3,0,2739,1,7
129,0,0,0,0,1,1,3,0,365,2,5
130,0,0,0,0,1,1,3,0,72,1,6
131,0,0,0,0,2,2,3,0,2653,2,4
132,0,0,0,0,2,2,3,0,2653,1,2
133,1,0,0,0,6,3,3,1,2726,2,1
134,1,0,0,0,6,3,3,1,2726,1,5
135,1,0,0,0,10,2,3,1,774,2,2
136,1,0,0,0,10,2,3,1,435,1,6
137,0,0,0,0,3,2,1,0,3078,2,2
138,0,0,0,0,3,2,1,0,3078,1,3
139,0,0,0,0,2,2,3,0,2133,2,4
140,0,0,0,0,2,2,3,0,1236,1,4
141,0,0,0,0,1,2,3,0,2127,2,7
142,0,0,0,0,1,2,3,0,1786,1,6
143,0,0,0,0,15,2,3,1,400,2,1
144,0,0,0,0,15,2,3,1,322,1,2
145,1,0,0,0,9,2,3,1,3185,2,6
146,1,0,0,0,9,2,3,1,3185,1,3
147,0,1,0,0,5,3,3,1,1237,2,6
148,0,1,0,0,5,3,3,1,581,1,3
149,0,0,0,0,7,2,3,1,1219,2,6
150,0,0,0,0,7,2,3,1,891,1,1
151,0,0,0,0,4,2,3,0,3017,2,1
152,0,0,0,0,4,2,3,0,3017,1,1
153,0,0,0,0,5,2,3,1,806,2,5
154,0,0,0,0,5,2,3,1,505,1,6
155,1,0,0,0,2,2,3,0,2985,2,2
156,1,0,0,0,2,2,3,0,2985,1,7
157,1,1,0,1,1,2,3,0,2969,2,1
158,1,1,0,1,1,2,3,0,1895,1,4
159,0,0,0,0,7,2,2,1,1995,2,5
160,0,0,0,0,7,2,2,1,1488,1,4
161,1,0,0,0,1,2,2,0,2958,2,6
162,1,0,0,0,1,2,2,0,2958,1,4
163,0,0,0,0,1,3,3,0,1133,2,4
164,0,0,0,0,1,3,3,0,702,1,4
165,1,0,0,0,3,NA,2,0,1548,2,3
166,1,0,0,0,3,NA,2,0,1548,1,6
167,1,1,0,0,2,2,2,0,3085,2,6
168,1,1,0,0,2,2,2,0,3085,1,5
169,1,0,0,0,8,3,3,1,736,2,6
170,1,0,0,0,8,3,3,1,256,1,2
171,0,0,0,0,1,2,3,0,2789,2,5
172,0,0,0,0,1,2,3,0,2789,1,1
173,0,0,0,0,2,2,2,0,3325,2,2
174,0,0,0,0,2,2,2,0,3325,1,2
175,1,0,0,0,4,2,3,0,381,2,3
176,1,0,0,0,4,2,3,0,127,1,5
177,0,0,0,0,4,1,3,0,2724,2,1
178,0,0,0,0,4,1,3,0,2724,1,5
179,1,1,0,0,4,NA,3,0,997,2,7
180,1,1,0,0,4,NA,3,0,797,1,7
181,1,0,0,0,11,2,3,1,413,2,3
182,1,0,0,0,11,2,3,1,304,1,4
183,1,0,0,0,4,2,3,0,708,2,4
184,1,0,0,0,4,2,3,0,498,1,3
185,1,0,0,0,9,2,3,1,2765,2,6
186,1,0,0,0,9,2,3,1,2765,1,4
187,0,0,0,1,NA,2,4,1,2869,2,6
188,0,0,0,1,NA,2,4,1,2869,1,7
189,1,0,0,0,1,2,3,0,2918,2,7
190,1,0,0,0,1,2,3,0,2918,1,1
191,1,0,0,1,2,2,4,0,2458,2,6
192,1,0,0,1,2,2,4,0,2458,1,4
193,0,0,0,0,20,2,4,1,459,2,4
194,0,0,0,0,20,2,4,1,185,1,5
195,1,0,0,1,1,2,3,0,2318,2,3
196,1,0,0,1,1,2,3,0,2318,1,4
197,1,0,0,1,NA,2,4,1,569,2,4
198,1,0,0,1,NA,2,4,1,219,1,4
199,0,0,0,1,8,2,2,1,2077,2,1
200,0,0,0,1,8,2,2,1,1446,1,2
201,1,0,0,0,6,2,3,1,1216,2,6
202,1,0,0,0,6,2,3,1,349,1,6
203,1,0,0,0,5,3,3,1,171,2,6
204,1,0,0,0,5,3,3,1,147,1,2
205,1,0,0,0,2,2,3,0,712,2,7
206,1,0,0,0,2,2,3,0,448,1,1
207,0,0,0,0,6,2,3,1,614,2,3
208,0,0,0,0,6,2,3,1,260,1,5
209,0,0,0,0,1,2,3,0,2849,2,2
210,0,0,0,0,1,2,3,0,1057,1,5
211,1,0,0,0,3,3,3,0,1530,2,6
212,1,0,0,0,3,3,3,0,835,1,4
213,0,0,0,1,10,2,3,1,402,2,5
214,0,0,0,1,10,2,3,1,204,1,2
215,0,0,0,1,2,2,3,0,1511,2,7
216,0,0,0,1,2,2,3,0,853,1,5
217,0,0,0,0,5,2,3,1,2828,2,6
218,0,0,0,0,5,2,3,1,2828,1,7
219,0,0,0,0,3,3,3,0,23,2,2
220,0,0,0,0,3,3,3,0,23,1,5
221,1,0,0,1,6,2,3,1,2941,2,7
222,1,0,0,1,6,2,3,1,2941,1,6
223,1,0,0,1,1,2,3,0,755,2,7
224,1,0,0,1,1,2,3,0,548,1,1
225,0,0,0,0,1,2,1,0,2815,2,6
226,0,0,0,0,1,2,1,0,2815,1,2
227,1,1,0,1,5,3,3,1,761,2,2
228,1,1,0,1,5,3,3,1,185,1,2
229,1,0,0,0,2,3,3,0,1839,2,5
230,1,0,0,0,2,3,3,0,638,1,3
231,1,1,0,0,5,2,3,1,2351,2,6
232,1,1,0,0,5,2,3,1,912,1,3
233,0,0,0,0,1,2,3,0,2760,2,5
234,0,0,0,0,1,2,3,0,2760,1,7
235,0,0,0,0,5,2,3,1,2951,2,3
236,0,0,0,0,5,2,3,1,2951,1,4
237,0,0,0,1,1,2,3,0,2820,2,2
238,0,0,0,1,1,2,3,0,2820,1,3
239,0,0,0,0,1,2,3,0,1327,2,7
240,0,0,0,0,1,2,3,0,593,1,4
241,0,0,0,0,1,2,3,0,2678,2,6
242,0,0,0,0,1,2,3,0,2678,1,7
243,0,0,0,0,2,3,3,0,226,2,2
244,0,0,0,0,2,3,3,0,176,1,7
245,0,0,0,0,1,2,3,0,2913,2,4
246,0,0,0,0,1,2,3,0,2913,1,1
247,1,0,0,0,2,2,3,0,2862,2,4
248,1,0,0,0,2,2,3,0,2862,1,3
249,1,0,0,0,5,3,3,1,454,2,1
250,1,0,0,0,5,3,3,1,454,1,1
251,1,0,0,0,1,2,2,0,2743,2,4
252,1,0,0,0,1,2,2,0,2743,1,1
253,0,0,0,0,3,2,3,0,1679,2,5
254,0,0,0,0,3,2,3,0,1020,1,3
255,1,1,0,0,11,3,3,1,924,2,3
256,1,1,0,0,11,3,3,1,245,1,1
257,1,0,0,0,1,2,2,0,721,2,1
258,1,0,0,0,1,2,2,0,543,1,3
259,1,0,0,0,1,2,3,0,709,2,3
260,1,0,0,0,1,2,3,0,263,1,6
261,0,0,0,0,1,2,3,0,961,2,2
262,0,0,0,0,1,2,3,0,711,1,4
263,0,1,0,0,2,3,3,0,326,2,4
264,0,1,0,0,2,3,3,0,326,1,2
265,0,0,0,0,1,3,2,0,2703,2,7
266,0,0,0,0,1,3,2,0,2703,1,3
267,0,0,0,1,2,2,3,0,289,2,2
268,0,0,0,1,2,2,3,0,86,1,1
269,1,1,0,0,2,2,3,0,2905,2,1
270,1,1,0,0,2,2,3,0,2905,1,6
271,1,1,0,0,5,2,3,1,206,2,4
272,1,1,0,0,5,2,3,1,80,1,1
273,1,0,0,0,1,2,3,0,2618,2,5
274,1,0,0,0,1,2,3,0,2618,1,1
275,0,0,0,0,8,2,3,1,283,2,6
276,0,0,0,0,8,2,3,1,98,1,7
277,1,1,0,0,2,2,3,0,2718,2,7
278,1,1,0,0,2,2,3,0,2018,1,2
279,0,1,0,0,7,2,3,1,2826,2,4
280,0,1,0,0,7,2,3,1,101,1,3
281,1,0,0,0,1,2,3,0,2916,2,7
282,1,0,0,0,1,2,3,0,2916,1,4
283,1,0,0,0,9,3,3,1,499,2,6
284,1,0,0,0,9,3,3,1,246,1,5
285,0,0,0,0,NA,1,3,0,2950,2,4
286,0,0,0,0,NA,1,3,0,2950,1,2
287,0,0,0,0,1,2,1,0,2899,2,4
288,0,0,0,0,1,2,1,0,2899,1,1
289,0,0,0,0,5,3,3,1,673,2,5
290,0,0,0,0,5,3,3,1,98,1,5
291,0,1,0,1,1,1,3,0,3000,2,5
292,0,1,0,1,1,1,3,0,3000,1,5
293,1,0,0,0,1,2,3,0,2284,2,7
294,1,0,0,0,1,2,3,0,1475,1,4
295,1,0,0,0,2,1,3,0,362,2,1
296,1,0,0,0,2,1,3,0,191,1,6
297,0,1,1,0,1,2,3,0,2152,2,7
298,0,1,1,0,1,2,3,0,335,1,3
299,0,1,0,0,2,2,3,0,2562,2,7
300,0,1,0,0,2,2,3,0,2562,1,1
301,1,0,0,0,1,2,3,0,2730,2,3
302,1,0,0,0,1,2,3,0,2730,1,4
303,0,0,0,0,13,2,3,1,802,2,5
304,0,0,0,0,13,2,3,1,443,1,6
305,1,1,0,0,0,3,3,0,1166,2,3
306,1,1,0,0,0,3,3,0,772,1,5
307,1,1,0,1,2,2,3,0,1193,2,1
308,1,1,0,1,2,2,3,0,918,1,3
309,1,1,0,0,2,2,3,0,45,2,3
310,1,1,0,0,2,2,3,0,45,1,3
311,1,0,0,0,3,2,3,0,2577,2,1
312,1,0,0,0,3,2,3,0,2577,1,1
313,0,0,1,0,6,1,3,1,1136,2,5
314,0,0,1,0,6,1,3,1,547,1,1
315,0,1,0,0,2,2,3,0,2497,2,5
316,0,1,0,0,2,2,3,0,1211,1,5
317,1,1,0,0,1,2,3,0,2648,2,3
318,1,1,0,0,1,2,3,0,2648,1,4
319,0,0,0,0,2,3,3,0,2458,2,6
320,0,0,0,0,2,3,3,0,2458,1,6
321,1,1,0,0,6,NA,3,1,1135,2,3
322,1,1,0,0,6,NA,3,1,653,1,5
323,0,0,0,0,1,2,3,0,580,2,3
324,0,0,0,0,1,2,3,0,485,1,3
325,1,1,0,0,6,2,3,1,485,2,3
326,1,1,0,0,6,2,3,1,485,1,6
327,0,0,0,0,1,2,3,0,2656,2,4
328,0,0,0,0,1,2,3,0,2656,1,4
329,0,0,0,1,2,2,3,0,806,2,4
330,0,0,0,1,2,2,3,0,526,1,4
331,1,1,0,0,3,2,3,0,2435,2,5
332,1,1,0,0,3,2,3,0,2435,1,2
333,0,0,0,0,3,2,3,0,1439,2,2
334,0,0,0,0,3,2,3,0,392,1,2
335,1,0,0,0,4,3,3,0,717,2,7
336,1,0,0,0,4,3,3,0,173,1,6
337,1,1,1,0,2,2,3,0,2568,2,7
338,1,1,1,0,2,2,3,0,2568,1,6
339,0,0,0,0,4,1,3,0,2631,2,3
340,0,0,0,0,4,1,3,0,2631,1,6
341,1,0,0,0,2,2,2,0,1474,2,4
342,1,0,0,0,2,2,2,0,1474,1,7
343,1,0,0,1,2,2,3,0,2593,2,2
344,1,0,0,1,2,2,3,0,668,1,5
345,0,0,0,0,2,2,3,0,1550,2,7
346,0,0,0,0,2,2,3,0,1550,1,5
347,0,0,0,0,4,2,3,0,670,2,3
348,0,0,0,0,4,2,3,0,165,1,7
349,1,1,0,0,1,2,3,0,430,2,2
350,1,1,0,0,1,2,3,0,121,1,5
351,0,0,0,0,2,2,3,0,2821,2,6
352,0,0,0,0,2,2,3,0,2821,1,2
353,1,0,0,0,2,2,1,0,2672,2,3
354,1,0,0,0,2,2,1,0,2672,1,7
355,1,0,0,0,4,2,1,0,2699,2,7
356,1,0,0,0,4,2,1,0,2699,1,7
357,0,0,0,0,1,1,2,0,2927,2,6
358,0,0,0,0,1,1,2,0,2927,1,3
359,1,0,0,1,1,2,3,0,993,2,4
360,1,0,0,1,1,2,3,0,622,1,2
361,0,0,0,0,2,2,3,0,2580,2,3
362,0,0,0,0,2,2,3,0,2580,1,6
363,0,0,0,0,4,2,3,0,2621,2,4
364,0,0,0,0,4,2,3,0,2621,1,5
365,0,0,0,0,4,3,3,0,2779,2,2
366,0,0,0,0,4,3,3,0,2779,1,3
367,0,0,0,0,1,2,2,0,2794,2,4
368,0,0,0,0,1,2,2,0,2794,1,2
369,1,0,0,0,4,2,3,0,2656,2,3
370,1,0,0,0,4,2,3,0,2656,1,5
371,0,0,0,0,6,1,3,1,2513,2,1
372,0,0,0,0,6,1,3,1,2513,1,4
373,0,0,0,0,2,2,3,0,2488,2,6
374,0,0,0,0,2,2,3,0,2488,1,1
375,1,0,0,0,33,3,3,1,1112,2,7
376,1,0,0,0,33,3,3,1,900,1,2
377,1,0,0,0,NA,2,3,1,2618,2,2
378,1,0,0,0,NA,2,3,1,2618,1,6
379,1,0,0,1,2,NA,3,0,795,2,6
380,1,0,0,1,2,NA,3,0,380,1,1
381,0,0,0,0,1,2,3,0,363,2,6
382,0,0,0,0,1,2,3,0,157,1,5
383,1,1,0,1,1,2,3,0,949,2,2
384,1,1,0,1,1,2,3,0,360,1,6
385,0,1,0,1,1,2,3,0,127,2,2
386,0,1,0,1,1,2,3,0,68,1,4
387,0,0,0,0,4,2,3,0,2871,2,6
388,0,0,0,0,4,2,3,0,2871,1,5
389,1,0,0,1,2,2,3,0,2558,2,5
390,1,0,0,1,2,2,3,0,2558,1,5
391,0,0,0,0,1,2,3,0,2083,2,4
392,0,0,0,0,1,2,3,0,1981,1,3
393,0,0,0,0,1,3,2,0,2747,2,6
394,0,0,0,0,1,3,2,0,2747,1,6
395,1,0,0,0,1,1,3,0,1105,2,4
396,1,0,0,0,1,1,3,0,931,1,5
397,0,0,0,0,NA,3,3,1,490,2,6
398,0,0,0,0,NA,3,3,1,183,1,7
399,0,0,0,0,1,NA,2,0,2507,2,3
400,0,0,0,0,1,NA,2,0,2507,1,6
401,1,0,0,0,1,1,3,0,961,2,7
402,1,0,0,0,1,1,3,0,356,1,2
403,1,0,0,0,8,NA,3,1,1879,2,5
404,1,0,0,0,8,NA,3,1,341,1,7
405,1,0,0,0,7,3,3,1,2592,2,7
406,1,0,0,0,7,3,3,1,2592,1,4
407,0,0,0,0,4,2,3,0,2552,2,5
408,0,0,0,0,4,2,3,0,230,1,5
409,0,0,0,0,2,1,1,0,2474,2,7
410,0,0,0,0,2,1,1,0,2474,1,2
411,0,0,0,0,4,2,3,0,2349,2,1
412,0,0,0,0,4,2,3,0,2349,1,5
413,0,0,0,0,4,1,1,0,2835,2,4
414,0,0,0,0,4,1,1,0,1037,1,6
415,1,0,0,0,2,2,3,0,2761,2,5
416,1,0,0,0,2,2,3,0,2761,1,6
417,0,0,0,0,4,2,3,0,411,2,7
418,0,0,0,0,4,2,3,0,279,1,6
419,1,0,0,0,2,1,3,0,2720,2,2
420,1,0,0,0,2,1,3,0,2720,1,7
421,1,1,0,0,1,2,3,0,2495,2,3
422,1,1,0,0,1,2,3,0,2495,1,1
423,1,0,0,0,7,2,3,1,462,2,1
424,1,0,0,0,7,2,3,1,45,1,2
425,1,1,1,1,2,3,4,0,2497,2,1
426,1,1,1,1,2,3,4,0,2497,1,1
427,1,0,0,1,3,2,2,0,2343,2,5
428,1,0,0,1,3,2,2,0,2343,1,6
429,0,0,0,0,6,2,3,1,2630,2,5
430,0,0,0,0,6,2,3,1,2630,1,7
431,0,1,0,0,8,2,3,1,2461,2,2
432,0,1,0,0,8,2,3,1,2461,1,2
433,0,0,0,0,4,2,4,0,2747,2,5
434,0,0,0,0,4,2,4,0,2747,1,2
435,1,1,0,0,7,2,3,1,2482,2,6
436,1,1,0,0,7,2,3,1,1876,1,3
437,1,1,0,0,5,3,3,1,580,2,6
438,1,1,0,0,5,3,3,1,230,1,5
439,1,0,0,1,1,2,3,0,1215,2,7
440,1,0,0,1,1,2,3,0,1013,1,1
441,1,1,1,1,4,3,3,0,2525,2,3
442,1,1,1,1,4,3,3,0,2525,1,7
443,0,0,0,0,2,2,2,0,2842,2,7
444,0,0,0,0,2,2,2,0,2842,1,4
445,0,0,0,1,5,2,3,1,1272,2,6
446,0,0,0,1,5,2,3,1,229,1,7
447,1,1,0,0,1,2,3,0,438,2,7
448,1,1,0,0,1,2,3,0,228,1,7
449,1,0,0,0,1,2,3,0,2423,2,1
450,1,0,0,0,1,2,3,0,2423,1,2
451,0,0,0,1,1,2,4,0,599,2,2
452,0,0,0,1,1,2,4,0,599,1,4
453,0,1,0,1,1,2,3,0,2706,2,3
454,0,1,0,1,1,2,3,0,726,1,3
455,1,0,0,0,1,2,3,0,2683,2,1
456,1,0,0,0,1,2,3,0,1976,1,2
457,1,1,1,0,2,2,3,0,2723,2,4
458,1,1,1,0,2,2,3,0,1026,1,6
459,0,0,0,1,1,2,4,0,1230,2,1
460,0,0,0,1,1,2,4,0,480,1,5
461,0,0,0,0,1,2,3,0,2731,2,4
462,0,0,0,0,1,2,3,0,2035,1,1
463,1,0,0,0,2,2,3,0,2313,2,7
464,1,0,0,0,2,2,3,0,2313,1,5
465,1,0,0,0,1,2,2,0,2484,2,6
466,1,0,0,0,1,2,2,0,2484,1,6
467,1,0,0,0,1,1,3,0,2754,2,5
468,1,0,0,0,1,1,3,0,2754,1,5
469,1,0,0,0,2,2,2,0,2725,2,2
470,1,0,0,0,2,2,2,0,2725,1,7
471,0,0,0,0,2,2,3,0,1295,2,3
472,0,0,0,0,2,2,3,0,264,1,5
473,0,0,0,0,3,2,3,0,2506,2,7
474,0,0,0,0,3,2,3,0,2506,1,7
475,0,0,0,0,3,2,3,0,2713,2,4
476,0,0,0,0,3,2,3,0,2713,1,6
477,1,0,0,0,1,2,3,0,2695,2,2
478,1,0,0,0,1,2,3,0,2695,1,6
479,0,0,0,0,3,2,3,0,1276,2,4
480,0,0,0,0,3,2,3,0,1024,1,1
481,1,0,0,0,2,2,4,0,2600,2,4
482,1,0,0,0,2,2,4,0,2600,1,2
483,1,0,0,0,1,2,2,0,2352,2,7
484,1,0,0,0,1,2,2,0,2352,1,5
485,0,0,1,1,3,2,3,0,2775,2,4
486,0,0,1,1,3,2,3,0,649,1,2
487,0,1,0,0,2,NA,3,0,2442,2,5
488,0,1,0,0,2,NA,3,0,2442,1,6
489,0,1,0,1,4,3,3,0,437,2,6
490,0,1,0,1,4,3,3,0,36,1,4
491,1,0,0,0,9,2,3,1,1709,2,6
492,1,0,0,0,9,2,3,1,1561,1,6
493,0,1,0,0,11,2,3,1,1607,2,6
494,0,1,0,0,11,2,3,1,1607,1,5
495,0,0,0,0,3,2,3,0,1637,2,7
496,0,0,0,0,3,2,3,0,805,1,4
497,0,0,0,0,1,1,3,0,1117,2,6
498,0,0,0,0,1,1,3,0,654,1,5
499,1,0,0,0,2,2,3,0,2732,2,7
500,1,0,0,0,2,2,3,0,2732,1,2
501,1,0,0,0,2,3,3,0,222,2,1
502,1,0,0,0,2,3,3,0,196,1,5
503,0,0,0,0,1,2,4,0,2688,2,5
504,0,0,0,0,1,2,4,0,139,1,2
505,1,0,0,0,1,2,3,0,2520,2,2
506,1,0,0,0,1,2,3,0,2520,1,4
507,0,0,0,0,5,3,3,1,595,2,7
508,0,0,0,0,5,3,3,1,221,1,4
509,1,0,0,0,2,2,3,0,343,2,1
510,1,0,0,0,2,2,3,0,183,1,1
511,0,0,0,0,5,2,3,0,874,2,7
512,0,0,0,0,5,2,3,0,496,1,1
513,0,1,0,0,8,2,3,1,232,2,6
514,0,1,0,0,8,2,3,1,77,1,4
515,1,0,0,0,3,2,2,0,2558,2,2
516,1,0,0,0,3,2,2,0,2558,1,3
517,0,0,0,0,1,2,3,0,2711,2,5
518,0,0,0,0,1,2,3,0,2711,1,7
519,0,0,0,0,15,2,3,1,113,2,6
520,0,0,0,0,15,2,3,1,79,1,6
521,0,1,0,0,3,2,3,0,643,2,3
522,0,1,0,0,3,2,3,0,290,1,4
523,0,0,0,0,1,2,3,0,2413,2,3
524,0,0,0,0,1,2,3,0,2413,1,1
525,1,0,0,0,2,2,1,0,2509,2,6
526,1,0,0,0,2,2,1,0,2509,1,3
527,1,0,0,0,1,1,3,0,2356,2,4
528,1,0,0,0,1,1,3,0,2356,1,6
529,1,0,0,0,3,2,3,0,1279,2,1
530,1,0,0,0,3,2,3,0,1025,1,4
531,1,0,0,0,3,1,3,0,938,2,6
532,1,0,0,0,3,1,3,0,938,1,5
533,1,0,0,0,3,2,3,0,2761,2,2
534,1,0,0,0,3,2,3,0,2761,1,4
535,1,1,0,0,2,2,3,0,2386,2,3
536,1,1,0,0,2,2,3,0,2012,1,6
537,0,0,0,1,4,2,3,1,433,2,5
538,0,0,0,1,4,2,3,1,80,1,1
539,0,1,0,0,1,3,3,0,2445,2,3
540,0,1,0,0,1,3,3,0,2445,1,3
541,0,0,0,0,1,2,2,0,2280,2,3
542,0,0,0,0,1,2,2,0,2280,1,4
543,1,0,0,0,3,1,3,0,311,2,4
544,1,0,0,0,3,1,3,0,291,1,1
545,1,1,0,0,1,1,3,0,977,2,2
546,1,1,0,0,1,1,3,0,422,1,7
547,0,1,0,0,12,1,3,1,833,2,2
548,0,1,0,0,12,1,3,1,561,1,3
549,1,0,0,0,3,2,3,0,582,2,5
550,1,0,0,0,3,2,3,0,262,1,3
551,0,0,0,0,1,1,3,0,2541,2,5
552,0,0,0,0,1,1,3,0,2541,1,4
553,1,0,0,0,2,2,3,0,238,2,1
554,1,0,0,0,2,2,3,0,238,1,7
555,0,1,0,0,6,2,4,1,2257,2,7
556,0,1,0,0,6,2,4,1,2257,1,4
557,0,0,0,0,1,2,2,0,2501,2,6
558,0,0,0,0,1,2,2,0,2501,1,5
559,1,0,0,0,2,2,3,0,1798,2,7
560,1,0,0,0,2,2,3,0,1122,1,1
561,1,0,0,0,2,2,3,0,883,2,2
562,1,0,0,0,2,2,3,0,803,1,4
563,0,0,0,1,4,3,3,0,2548,2,7
564,0,0,0,1,4,3,3,0,2548,1,5
565,0,0,0,0,9,2,3,1,2527,2,3
566,0,0,0,0,9,2,3,1,2527,1,4
567,1,1,0,0,2,2,3,0,2263,2,3
568,1,1,0,0,2,2,3,0,2263,1,4
569,0,0,0,0,8,2,3,1,706,2,6
570,0,0,0,0,8,2,3,1,185,1,7
571,0,0,0,0,1,2,2,0,2588,2,4
572,0,0,0,0,1,2,2,0,2588,1,2
573,1,0,0,0,1,2,2,0,2542,2,5
574,1,0,0,0,1,2,2,0,2074,1,7
575,1,0,0,0,1,2,3,0,1279,2,3
576,1,0,0,0,1,2,3,0,1279,1,7
577,1,0,0,1,1,3,4,0,1304,2,1
578,1,0,0,1,1,3,4,0,437,1,4
579,0,1,0,0,4,2,3,0,2324,2,7
580,0,1,0,0,4,2,3,0,2324,1,1
581,1,1,0,0,1,1,3,0,2488,2,2
582,1,1,0,0,1,1,3,0,2488,1,6
583,0,0,0,0,1,2,3,0,2628,2,4
584,0,0,0,0,1,2,3,0,2628,1,3
585,1,0,0,0,8,2,3,1,2800,2,3
586,1,0,0,0,8,2,3,1,2288,1,7
587,1,0,0,0,2,NA,3,0,2456,2,5
588,1,0,0,0,2,NA,3,0,2456,1,5
589,0,0,1,1,1,2,3,0,2503,2,2
590,0,0,1,1,1,2,3,0,2503,1,1
591,0,0,0,0,3,2,3,0,1446,2,6
592,0,0,0,0,3,2,3,0,431,1,4
593,1,0,0,1,3,2,3,0,641,2,3
594,1,0,0,1,3,2,3,0,497,1,1
595,1,0,0,0,4,2,3,0,1788,2,6
596,1,0,0,0,4,2,3,0,1042,1,1
597,1,0,0,0,6,2,2,1,2304,2,4
598,1,0,0,0,6,2,2,1,2304,1,5
599,0,0,0,0,7,2,3,1,944,2,2
600,0,0,0,0,7,2,3,1,697,1,4
601,1,0,0,0,2,2,2,0,2679,2,5
602,1,0,0,0,2,2,2,0,2679,1,2
603,0,1,0,0,5,2,3,1,559,2,6
604,0,1,0,0,5,2,3,1,286,1,6
605,0,0,0,0,7,2,3,1,2663,2,4
606,0,0,0,0,7,2,3,1,578,1,4
607,1,1,0,0,1,3,3,1,647,2,4
608,1,1,0,0,1,3,3,1,279,1,5
609,0,0,0,0,9,2,3,1,2697,2,5
610,0,0,0,0,9,2,3,1,2697,1,3
611,1,0,0,0,1,3,3,0,2538,2,3
612,1,0,0,0,1,3,3,0,2538,1,4
613,0,0,0,0,2,3,3,0,2219,2,6
614,0,0,0,0,2,3,3,0,2219,1,2
615,1,0,0,0,1,2,3,0,2487,2,7
616,1,0,0,0,1,2,3,0,303,1,6
617,0,1,0,0,1,2,3,0,2709,2,6
618,0,1,0,0,1,2,3,0,2709,1,1
619,0,0,0,0,6,3,3,1,840,2,6
620,0,0,0,0,6,3,3,1,700,1,7
621,1,0,0,0,1,2,3,0,2267,2,3
622,1,0,0,0,1,2,3,0,2267,1,6
623,1,0,0,0,2,2,2,0,2444,2,5
624,1,0,0,0,2,2,2,0,2444,1,7
625,0,0,0,0,5,1,3,1,2393,2,2
626,0,0,0,0,5,1,3,1,2393,1,1
627,0,0,0,0,1,1,1,0,2237,2,2
628,0,0,0,0,1,1,1,0,2237,1,3
629,1,0,0,0,2,2,3,0,2915,2,6
630,1,0,0,0,2,2,3,0,2915,1,7
631,0,0,0,0,2,2,3,0,2467,2,1
632,0,0,0,0,2,2,3,0,325,1,1
633,0,1,0,0,2,2,3,0,1092,2,4
634,0,1,0,0,2,2,3,0,218,1,6
635,1,0,0,0,4,2,2,0,2726,2,1
636,1,0,0,0,4,2,2,0,2726,1,3
637,1,1,0,0,9,2,3,0,2764,2,7
638,1,1,0,0,9,2,3,0,2764,1,7
639,0,0,0,1,15,3,4,1,2592,2,2
640,0,0,0,1,15,3,4,1,2592,1,7
641,0,0,0,0,2,1,2,0,2730,2,2
642,0,0,0,0,2,1,2,0,2730,1,2
643,0,0,0,0,1,2,2,0,2287,2,6
644,0,0,0,0,1,2,2,0,1274,1,2
645,1,0,0,0,5,2,3,1,2117,2,2
646,1,0,0,0,5,2,3,1,2117,1,6
647,0,0,0,0,20,2,3,1,1668,2,3
648,0,0,0,0,20,2,3,1,1668,1,4
649,0,0,0,1,1,NA,4,0,528,2,7
650,0,0,0,1,1,NA,4,0,118,1,4
651,0,1,0,0,2,1,3,0,2651,2,3
652,0,1,0,0,2,1,3,0,2651,1,7
653,0,1,0,0,1,2,3,0,2676,2,5
654,0,1,0,0,1,2,3,0,2676,1,7
655,0,1,0,1,3,2,2,0,1885,2,1
656,0,1,0,1,3,2,2,0,1471,1,5
657,1,0,0,0,3,NA,3,0,2350,2,7
658,1,0,0,0,3,NA,3,0,2350,1,1
659,1,0,0,0,8,2,3,1,475,2,3
660,1,0,0,0,8,2,3,1,216,1,5
661,0,0,0,0,5,2,3,1,1246,2,5
662,0,0,0,0,5,2,3,1,384,1,6
663,1,0,0,1,1,3,3,0,2204,2,2
664,1,0,0,1,1,3,3,0,2204,1,1
665,1,0,0,0,2,2,4,0,2716,2,1
666,1,0,0,0,2,2,4,0,2716,1,3
667,1,0,0,0,4,2,3,0,797,2,2
668,1,0,0,0,4,2,3,0,28,1,3
669,1,0,0,0,1,2,3,0,2527,2,5
670,1,0,0,0,1,2,3,0,2527,1,6
671,0,0,0,1,1,3,3,0,2021,2,7
672,0,0,0,1,1,3,3,0,1142,1,4
673,0,0,0,0,6,2,3,1,498,2,2
674,0,0,0,0,6,2,3,1,215,1,5
675,1,0,0,0,NA,3,3,1,885,2,7
676,1,0,0,0,NA,3,3,1,174,1,4
677,0,0,0,0,3,2,3,0,802,2,3
678,0,0,0,0,3,2,3,0,657,1,6
679,0,0,0,0,1,2,3,0,2674,2,5
680,0,0,0,0,1,2,3,0,2674,1,2
681,0,0,0,0,2,2,3,0,743,2,6
682,0,0,0,0,2,2,3,0,143,1,1
683,1,0,0,0,4,2,2,0,2517,2,1
684,1,0,0,0,4,2,2,0,2517,1,5
685,1,0,0,1,8,2,3,1,349,2,2
686,1,0,0,1,8,2,3,1,105,1,2
687,1,1,0,0,1,2,3,0,2723,2,4
688,1,1,0,0,1,2,3,0,2723,1,5
689,1,0,0,0,1,3,3,0,775,2,6
690,1,0,0,0,1,3,3,0,308,1,7
691,1,0,0,0,4,2,3,0,2326,2,7
692,1,0,0,0,4,2,3,0,2326,1,7
693,1,0,0,0,2,2,3,0,1134,2,3
694,1,0,0,0,2,2,3,0,855,1,6
695,1,0,0,0,2,NA,3,0,602,2,6
696,1,0,0,0,2,NA,3,0,330,1,1
697,1,0,0,0,2,3,3,0,2547,2,4
698,1,0,0,0,2,3,3,0,2547,1,3
699,0,0,0,0,7,2,3,1,940,2,6
700,0,0,0,0,7,2,3,1,370,1,3
701,0,0,0,0,1,2,3,0,2496,2,2
702,0,0,0,0,1,2,3,0,2496,1,7
703,1,0,0,0,1,2,3,0,2628,2,1
704,1,0,0,0,1,2,3,0,2628,1,6
705,0,0,0,0,1,2,3,0,2353,2,2
706,0,0,0,0,1,2,3,0,2353,1,2
707,1,0,0,0,2,2,3,0,2184,2,6
708,1,0,0,0,2,2,3,0,2184,1,6
709,0,1,0,0,3,2,3,0,2219,2,6
710,0,1,0,0,3,2,3,0,2219,1,4
711,1,0,0,0,3,2,3,0,191,2,6
712,1,0,0,0,3,2,3,0,179,1,3
713,1,0,0,0,8,2,3,1,421,2,5
714,1,0,0,0,8,2,3,1,421,1,3
715,0,1,0,0,NA,2,3,1,2362,2,5
716,0,1,0,0,NA,2,3,1,2362,1,1
717,0,0,1,0,10,2,3,1,952,2,3
718,0,0,1,0,10,2,3,1,146,1,1
719,0,0,0,0,5,2,3,1,911,2,7
720,0,0,0,0,5,2,3,1,261,1,4
721,0,0,0,0,1,2,3,0,1851,2,5
722,0,0,0,0,1,2,3,0,440,1,3
723,1,0,0,0,4,2,2,0,2423,2,3
724,1,0,0,0,4,2,2,0,2423,1,1
725,0,0,0,1,1,3,3,0,464,2,5
726,0,0,0,1,1,3,3,0,189,1,4
727,1,0,0,0,2,2,3,0,443,2,6
728,1,0,0,0,2,2,3,0,191,1,4
729,0,0,0,0,NA,3,3,1,186,2,4
730,0,0,0,0,NA,3,3,1,186,1,4
731,0,0,0,0,4,2,3,0,2545,2,1
732,0,0,0,0,4,2,3,0,2545,1,1
733,1,0,0,0,3,2,4,0,356,2,4
734,1,0,0,0,3,2,4,0,119,1,5
735,0,0,0,0,10,3,3,1,484,2,2
736,0,0,0,0,10,3,3,1,315,1,3
737,0,0,0,0,1,2,3,0,382,2,3
738,0,0,0,0,1,2,3,0,174,1,7
739,0,0,0,1,9,2,3,1,1021,2,2
740,0,0,0,1,9,2,3,1,735,1,5
741,1,0,0,0,1,2,2,0,2472,2,3
742,1,0,0,0,1,2,2,0,2472,1,1
743,1,0,0,0,12,2,3,1,2352,2,5
744,1,0,0,0,12,2,3,1,2352,1,1
745,0,0,0,0,1,1,2,0,2486,2,6
746,0,0,0,0,1,1,2,0,2486,1,7
747,1,0,0,1,2,2,4,0,324,2,4
748,1,0,0,1,2,2,4,0,154,1,6
749,1,0,0,1,3,3,3,0,2517,2,3
750,1,0,0,1,3,3,3,0,2517,1,6
751,0,0,0,0,1,2,3,0,2613,2,6
752,0,0,0,0,1,2,3,0,2613,1,5
753,0,0,0,0,1,3,3,0,2450,2,7
754,0,0,0,0,1,3,3,0,2450,1,2
755,0,0,0,0,2,3,3,0,770,2,2
756,0,0,0,0,2,3,3,0,315,1,2
757,1,0,0,0,3,1,3,0,2490,2,4
758,1,0,0,0,3,1,3,0,2490,1,6
759,1,0,0,0,2,2,3,0,1548,2,2
760,1,0,0,0,2,2,3,0,534,1,3
761,1,0,0,0,2,2,2,0,2449,2,2
762,1,0,0,0,2,2,2,0,2449,1,2
763,1,0,0,0,13,2,3,1,2299,2,1
764,1,0,0,0,13,2,3,1,2299,1,4
765,1,0,0,0,NA,2,3,1,1252,2,1
766,1,0,0,0,NA,2,3,1,675,1,2
767,0,0,0,0,2,2,3,0,730,2,7
768,0,0,0,0,2,2,3,0,560,1,5
769,0,0,0,0,2,2,3,0,2460,2,3
770,0,0,0,0,2,2,3,0,2460,1,7
771,0,0,0,0,8,2,3,1,499,2,6
772,0,0,0,0,8,2,3,1,374,1,7
773,1,0,0,0,6,3,3,1,129,2,3
774,1,0,0,0,6,3,3,1,113,1,3
775,0,0,0,0,9,3,3,1,52,2,2
776,0,0,0,0,9,3,3,1,49,1,5
777,1,1,1,0,1,2,3,0,2171,2,4
778,1,1,1,0,1,2,3,0,493,1,6
779,0,0,0,0,3,2,3,0,1178,2,4
780,0,0,0,0,3,2,3,0,511,1,1
781,0,1,0,0,3,2,3,0,1915,2,1
782,0,1,0,0,3,2,3,0,871,1,7
783,0,0,0,0,2,2,3,0,2572,2,2
784,0,0,0,0,2,2,3,0,2572,1,2
785,0,0,0,0,1,2,3,0,2590,2,4
786,0,0,0,0,1,2,3,0,2590,1,7
787,1,0,0,1,13,3,3,1,215,2,1
788,1,0,0,1,13,3,3,1,88,1,2
789,1,0,0,0,2,2,3,0,2325,2,1
790,1,0,0,0,2,2,3,0,2325,1,7
791,0,1,0,0,4,2,3,1,961,2,3
792,0,1,0,0,4,2,3,1,116,1,5
793,1,0,0,0,1,2,3,0,2691,2,3
794,1,0,0,0,1,2,3,0,2691,1,2
795,1,0,0,0,2,2,3,0,2574,2,5
796,1,0,0,0,2,2,3,0,2574,1,5
797,1,0,0,0,7,2,3,1,2540,2,4
798,1,0,0,0,7,2,3,1,2540,1,6
799,0,0,0,0,2,2,3,0,2364,2,3
800,0,0,0,0,2,2,3,0,2364,1,1
801,1,0,0,0,1,2,3,0,2472,2,5
802,1,0,0,0,1,2,3,0,2472,1,2
803,1,0,0,0,14,2,3,1,409,2,6
804,1,0,0,0,14,2,3,1,237,1,6
805,1,1,0,0,27,2,2,1,961,2,7
806,1,1,0,0,27,2,2,1,276,1,5
807,1,0,0,0,6,2,3,1,2449,2,4
808,1,0,0,0,6,2,3,1,2449,1,5
809,1,0,0,0,6,1,2,1,2520,2,6
810,1,0,0,0,6,1,2,1,2520,1,3
811,0,0,0,0,1,2,3,0,916,2,7
812,0,0,0,0,1,2,3,0,336,1,4
813,1,0,0,0,1,1,3,0,2227,2,1
814,1,0,0,0,1,1,3,0,2227,1,5
815,0,0,0,0,1,2,3,1,2394,2,6
816,0,0,0,0,1,2,3,1,2394,1,1
817,1,0,0,0,3,2,3,0,2029,2,1
818,1,0,0,0,3,2,3,0,2029,1,4
819,1,0,0,0,2,2,3,0,2487,2,5
820,1,0,0,0,2,2,3,0,2487,1,5
821,1,0,0,0,1,2,2,0,2052,2,4
822,1,0,0,0,1,2,2,0,2052,1,1
823,1,0,0,0,1,2,3,0,2690,2,7
824,1,0,0,0,1,2,3,0,2690,1,5
825,0,0,0,0,3,2,3,0,2234,2,2
826,0,0,0,0,3,2,3,0,2234,1,7
827,1,1,0,0,4,1,3,0,537,2,5
828,1,1,0,0,4,1,3,0,238,1,7
829,0,1,0,0,1,1,3,0,2277,2,1
830,0,1,0,0,1,1,3,0,2277,1,6
831,1,0,0,1,2,2,4,0,729,2,3
832,1,0,0,1,2,2,4,0,474,1,1
833,1,0,0,0,1,2,2,0,2194,2,1
834,1,0,0,0,1,2,2,0,2194,1,7
835,0,1,0,0,7,2,3,1,2551,2,1
836,0,1,0,0,7,2,3,1,2551,1,6
837,1,0,0,0,4,2,3,0,1692,2,2
838,1,0,0,0,4,2,3,0,1353,1,5
839,0,0,0,0,1,2,3,0,758,2,4
840,0,0,0,0,1,2,3,0,256,1,4
841,0,0,0,0,2,1,3,0,2079,2,6
842,0,0,0,0,2,1,3,0,2079,1,6
843,0,0,0,1,6,1,3,1,720,2,5
844,0,0,0,1,6,1,3,1,439,1,2
845,1,0,0,0,5,1,3,1,2380,2,6
846,1,0,0,0,5,1,3,1,2380,1,6
847,1,0,0,0,1,2,3,0,845,2,4
848,1,0,0,0,1,2,3,0,845,1,7
849,1,0,0,0,1,1,3,0,2416,2,3
850,1,0,0,0,1,1,3,0,2416,1,1
851,1,0,0,0,6,2,2,1,863,2,3
852,1,0,0,0,6,2,2,1,532,1,5
853,0,0,0,1,1,2,3,0,1363,2,4
854,0,0,0,1,1,2,3,0,1363,1,5
855,1,0,0,0,1,2,3,0,2528,2,5
856,1,0,0,0,1,2,3,0,2528,1,4
857,1,0,0,0,5,2,3,1,1145,2,7
858,1,0,0,0,5,2,3,1,617,1,4
859,0,0,0,0,24,NA,3,1,499,2,4
860,0,0,0,0,24,NA,3,1,365,1,6
861,1,0,0,0,1,2,3,0,242,2,4
862,1,0,0,0,1,2,3,0,165,1,3
863,0,0,0,0,1,1,3,0,2294,2,1
864,0,0,0,0,1,1,3,0,2294,1,4
865,0,0,0,1,2,1,3,0,858,2,3
866,0,0,0,1,2,1,3,0,593,1,6
867,0,0,0,0,6,2,3,1,122,2,4
868,0,0,0,0,6,2,3,1,72,1,2
869,1,0,0,0,1,2,3,0,2682,2,6
870,1,0,0,0,1,2,3,0,2682,1,1
871,1,0,0,0,4,2,3,0,1818,2,4
872,1,0,0,0,4,2,3,0,1818,1,5
873,1,1,0,1,3,2,3,0,2532,2,4
874,1,1,0,1,3,2,3,0,2532,1,2
875,1,0,0,1,6,2,4,1,331,2,1
876,1,0,0,1,6,2,4,1,257,1,6
877,1,0,0,0,1,1,3,0,1048,2,2
878,1,0,0,0,1,1,3,0,748,1,6
879,1,0,0,0,1,2,3,0,2513,2,3
880,1,0,0,0,1,2,3,0,2513,1,3
881,0,0,0,1,1,2,4,0,340,2,6
882,0,0,0,1,1,2,4,0,340,1,1
883,0,0,0,0,11,2,3,1,1850,2,4
884,0,0,0,0,11,2,3,1,615,1,4
885,1,0,0,0,3,1,3,0,2332,2,7
886,1,0,0,0,3,1,3,0,2332,1,2
887,1,0,0,0,2,2,3,0,2279,2,6
888,1,0,0,0,2,2,3,0,2279,1,3
889,1,0,0,0,6,2,3,1,1041,2,4
890,1,0,0,0,6,2,3,1,454,1,2
891,1,0,0,0,2,1,2,0,1790,2,4
892,1,0,0,0,2,1,2,0,1106,1,4
893,0,1,0,0,3,2,3,0,304,2,3
894,0,1,0,0,3,2,3,0,161,1,7
895,1,0,0,0,2,3,3,0,2517,2,6
896,1,0,0,0,2,3,3,0,2517,1,4
897,0,0,0,0,2,2,3,0,2156,2,1
898,0,0,0,0,2,2,3,0,2028,1,5
899,1,0,0,0,1,2,3,0,1388,2,5
900,1,0,0,0,1,2,3,0,936,1,6
901,0,1,0,0,4,1,3,0,2544,2,5
902,0,1,0,0,4,1,3,0,2544,1,6
903,1,1,0,1,11,2,3,1,1852,2,3
904,1,1,0,1,11,2,3,1,1852,1,7
905,0,1,0,0,2,2,2,0,2122,2,6
906,0,1,0,0,2,2,2,0,2122,1,4
907,0,0,0,0,1,2,4,0,2577,2,7
908,0,0,0,0,1,2,4,0,2577,1,3
909,1,0,0,1,3,2,3,0,2023,2,4
910,1,0,0,1,3,2,3,0,337,1,6
911,0,0,0,0,1,2,3,0,1201,2,5
912,0,0,0,0,1,2,3,0,578,1,4
913,1,0,0,1,9,3,3,1,901,2,2
914,1,0,0,1,9,3,3,1,218,1,3
915,0,0,0,1,1,1,3,0,2385,2,7
916,0,0,0,1,1,1,3,0,1589,1,6
917,0,1,0,0,4,2,3,0,663,2,7
918,0,1,0,0,4,2,3,0,103,1,6
919,0,0,0,1,1,2,3,0,2506,2,2
920,0,0,0,1,1,2,3,0,2506,1,2
921,1,0,0,0,2,1,2,0,2332,2,4
922,1,0,0,0,2,1,2,0,2332,1,2
923,1,0,0,0,1,2,3,0,2176,2,7
924,1,0,0,0,1,2,3,0,2176,1,7
925,1,0,0,0,3,3,3,0,1212,2,3
926,1,0,0,0,3,3,3,0,248,1,6
927,1,0,0,0,3,2,3,0,890,2,4
928,1,0,0,0,3,2,3,0,330,1,4
929,0,0,0,1,4,3,4,0,302,2,5
930,0,0,0,1,4,3,4,0,208,1,7
931,0,0,0,1,1,2,3,0,2396,2,5
932,0,0,0,1,1,2,3,0,2396,1,3
933,1,0,0,0,2,2,3,0,2481,2,6
934,1,0,0,0,2,2,3,0,2481,1,6
935,1,0,0,0,1,1,3,0,316,2,3
936,1,0,0,0,1,1,3,0,62,1,3
937,0,1,0,0,1,2,3,0,2245,2,7
938,0,1,0,0,1,2,3,0,2245,1,1
939,1,0,0,1,1,2,4,0,2447,2,7
940,1,0,0,1,1,2,4,0,2447,1,1
941,1,0,0,0,2,2,1,0,2213,2,4
942,1,0,0,0,2,2,1,0,2213,1,6
943,1,0,0,0,8,3,2,1,1070,2,1
944,1,0,0,0,8,3,2,1,273,1,3
945,0,0,0,0,7,3,3,1,439,2,4
946,0,0,0,0,7,3,3,1,235,1,2
947,1,0,0,0,4,2,3,0,905,2,1
948,1,0,0,0,4,2,3,0,583,1,2
949,1,0,0,0,13,2,3,1,1723,2,1
950,1,0,0,0,13,2,3,1,1089,1,3
951,0,0,0,0,6,3,2,1,241,2,6
952,0,0,0,0,6,3,2,1,80,1,7
953,1,0,0,0,5,2,3,1,1314,2,4
954,1,0,0,0,5,2,3,1,1314,1,6
955,0,1,0,0,3,2,3,0,438,2,6
956,0,1,0,0,3,2,3,0,260,1,3
957,0,0,0,0,2,2,3,0,1981,2,1
958,0,0,0,0,2,2,3,0,1981,1,7
959,0,0,0,1,1,3,3,0,2195,2,5
960,0,0,0,1,1,3,3,0,2195,1,4
961,1,1,1,1,4,2,3,0,1101,2,7
962,1,1,1,1,4,2,3,0,625,1,6
963,0,1,0,0,5,3,3,1,79,2,4
964,0,1,0,0,5,3,3,1,40,1,4
965,1,0,0,0,1,2,3,0,976,2,7
966,1,0,0,0,1,2,3,0,215,1,6
967,1,0,0,0,17,2,3,1,664,2,4
968,1,0,0,0,17,2,3,1,613,1,7
969,0,0,0,0,4,2,3,0,2299,2,5
970,0,0,0,0,4,2,3,0,1535,1,3
971,1,0,0,0,1,2,3,1,279,2,7
972,1,0,0,0,1,2,3,1,252,1,1
973,0,0,0,0,7,2,3,1,1037,2,1
974,0,0,0,0,7,2,3,1,663,1,4
975,0,0,0,0,6,3,3,1,692,2,5
976,0,0,0,0,6,3,3,1,362,1,4
977,0,0,0,1,10,2,3,1,2174,2,5
978,0,0,0,1,10,2,3,1,2174,1,6
979,0,0,0,0,2,2,3,0,2144,2,6
980,0,0,0,0,2,2,3,0,2144,1,6
981,0,0,0,1,1,3,3,0,2058,2,4
982,0,0,0,1,1,3,3,0,2058,1,1
983,1,0,0,0,4,2,3,0,2485,2,2
984,1,0,0,0,4,2,3,0,2148,1,2
985,0,0,0,0,2,2,3,0,2410,2,4
986,0,0,0,0,2,2,3,0,2410,1,5
987,0,1,0,1,2,3,2,0,2565,2,5
988,0,1,0,1,2,3,2,0,352,1,4
989,0,0,0,0,3,2,2,0,884,2,2
990,0,0,0,0,3,2,2,0,884,1,6
991,0,0,0,0,3,2,3,0,389,2,2
992,0,0,0,0,3,2,3,0,205,1,1
993,0,0,0,0,1,2,3,0,692,2,4
994,0,0,0,0,1,2,3,0,591,1,1
995,1,1,0,0,1,2,3,0,642,2,3
996,1,1,0,0,1,2,3,0,449,1,3
997,1,1,0,0,1,2,3,0,846,2,1
998,1,1,0,0,1,2,3,0,828,1,2
999,1,0,0,0,3,NA,3,0,2203,2,7
1000,1,0,0,0,3,NA,3,0,2203,1,5
1001,1,0,0,0,1,2,3,0,2164,2,5
1002,1,0,0,0,1,2,3,0,2164,1,2
1003,0,0,0,0,NA,2,3,1,1273,2,5
1004,0,0,0,0,NA,2,3,1,700,1,7
1005,1,0,0,0,1,3,2,1,2393,2,4
1006,1,0,0,0,1,3,2,1,2393,1,5
1007,0,0,0,0,4,2,3,0,862,2,2
1008,0,0,0,0,4,2,3,0,491,1,7
1009,0,0,0,0,2,3,2,0,2331,2,7
1010,0,0,0,0,2,3,2,0,2331,1,7
1011,1,0,0,0,3,NA,3,0,2264,2,7
1012,1,0,0,0,3,NA,3,0,2264,1,3
1013,1,0,0,0,11,3,3,1,144,2,7
1014,1,0,0,0,11,3,3,1,63,1,7
1015,1,0,0,0,2,1,3,0,2429,2,7
1016,1,0,0,0,2,1,3,0,2429,1,5
1017,1,1,0,0,0,2,3,0,723,2,6
1018,1,1,0,0,0,2,3,0,98,1,7
1019,1,0,0,0,1,2,3,0,2530,2,2
1020,1,0,0,0,1,2,3,0,702,1,4
1021,0,0,0,0,2,2,3,0,1568,2,4
1022,0,0,0,0,2,2,3,0,573,1,2
1023,0,0,0,0,2,2,2,0,2292,2,7
1024,0,0,0,0,2,2,2,0,2292,1,2
1025,1,0,0,0,1,2,3,0,2252,2,7
1026,1,0,0,0,1,2,3,0,2252,1,2
1027,0,0,0,0,1,3,3,0,2408,2,7
1028,0,0,0,0,1,3,3,0,2408,1,4
1029,1,0,0,0,4,2,3,0,2555,2,2
1030,1,0,0,0,4,2,3,0,2555,1,7
1031,0,0,0,0,7,3,3,1,276,2,5
1032,0,0,0,0,7,3,3,1,237,1,4
1033,0,0,0,0,4,2,2,0,1896,2,3
1034,0,0,0,0,4,2,2,0,1606,1,5
1035,0,1,0,0,1,2,3,0,2147,2,5
1036,0,1,0,0,1,2,3,0,2147,1,4
1037,1,0,0,0,3,2,3,0,2269,2,7
1038,1,0,0,0,3,2,3,0,2269,1,6
1039,0,0,0,0,1,2,3,0,2391,2,4
1040,0,0,0,0,1,2,3,0,2391,1,5
1041,1,0,0,0,1,2,3,0,1424,2,1
1042,1,0,0,0,1,2,3,0,849,1,7
1043,0,0,0,0,NA,2,3,1,2257,2,3
1044,0,0,0,0,NA,2,3,1,2257,1,1
1045,0,0,0,0,10,3,4,1,2381,2,4
1046,0,0,0,0,10,3,4,1,408,1,2
1047,0,1,0,0,1,2,3,0,2103,2,6
1048,0,1,0,0,1,2,3,0,2103,1,5
1049,0,0,0,1,1,2,4,0,2210,2,5
1050,0,0,0,1,1,2,4,0,1466,1,4
1051,0,0,0,0,1,2,3,0,2530,2,1
1052,0,0,0,0,1,2,3,0,2530,1,2
1053,1,0,0,0,1,2,3,0,2386,2,1
1054,1,0,0,0,1,2,3,0,2386,1,4
1055,1,0,0,0,3,3,3,0,219,2,7
1056,1,0,0,0,3,3,3,0,141,1,3
1057,1,0,0,0,1,2,3,0,486,2,4
1058,1,0,0,0,1,2,3,0,486,1,5
1059,1,0,0,0,5,1,3,1,1246,2,3
1060,1,0,0,0,5,1,3,1,701,1,6
1061,1,0,0,0,10,2,3,1,2138,2,2
1062,1,0,0,0,10,2,3,1,2138,1,5
1063,0,0,0,0,2,3,3,0,2439,2,6
1064,0,0,0,0,2,3,3,0,2439,1,2
1065,1,0,0,0,2,2,2,0,2231,2,2
1066,1,0,0,0,2,2,2,0,2231,1,1
1067,1,0,0,0,6,2,3,1,384,2,1
1068,1,0,0,0,6,2,3,1,230,1,5
1069,1,0,0,0,2,2,2,0,2505,2,6
1070,1,0,0,0,2,2,2,0,2505,1,7
1071,0,0,0,0,1,1,1,0,1652,2,4
1072,0,0,0,0,1,1,1,0,169,1,7
1073,0,0,0,1,1,2,3,0,2441,2,4
1074,0,0,0,1,1,2,3,0,1329,1,4
1075,0,0,0,0,4,2,3,0,687,2,6
1076,0,0,0,0,4,2,3,0,208,1,3
1077,1,0,0,0,4,2,3,0,2179,2,2
1078,1,0,0,0,4,2,3,0,2179,1,6
1079,0,1,0,0,6,2,3,1,2189,2,5
1080,0,1,0,0,6,2,3,1,2189,1,7
1081,1,0,0,0,8,2,3,1,2472,2,4
1082,1,0,0,0,8,2,3,1,2472,1,7
1083,1,0,0,0,3,2,3,0,2111,2,4
1084,1,0,0,0,3,2,3,0,2111,1,1
1085,1,0,0,0,7,3,3,1,2020,2,2
1086,1,0,0,0,7,3,3,1,2020,1,2
1087,0,0,1,0,7,2,3,1,1161,2,4
1088,0,0,1,0,7,2,3,1,313,1,1
1089,1,0,0,0,1,2,3,0,2231,2,2
1090,1,0,0,0,1,2,3,0,1081,1,7
1091,1,0,0,0,4,2,3,0,2300,2,4
1092,1,0,0,0,4,2,3,0,2300,1,7
1093,1,0,0,0,1,2,3,0,2391,2,6
1094,1,0,0,0,1,2,3,0,731,1,2
1095,1,0,0,1,1,2,3,0,759,2,7
1096,1,0,0,1,1,2,3,0,717,1,3
1097,1,0,0,0,7,3,3,1,166,2,1
1098,1,0,0,0,7,3,3,1,77,1,2
1099,0,0,0,1,1,2,3,0,2323,2,1
1100,0,0,0,1,1,2,3,0,2323,1,6
1101,0,0,0,0,2,1,3,0,2321,2,1
1102,0,0,0,0,2,1,3,0,2321,1,2
1103,0,1,0,0,7,2,3,1,1976,2,3
1104,0,1,0,0,7,2,3,1,1976,1,7
1105,1,0,0,0,6,2,3,1,2229,2,1
1106,1,0,0,0,6,2,3,1,2229,1,4
1107,0,0,0,0,3,2,3,0,1671,2,3
1108,0,0,0,0,3,2,3,0,536,1,7
1109,1,0,0,0,2,2,3,0,1907,2,6
1110,1,0,0,0,2,2,3,0,930,1,2
1111,1,0,0,0,7,3,3,1,1783,2,5
1112,1,0,0,0,7,3,3,1,1277,1,2
1113,0,0,0,0,7,3,3,1,684,2,5
1114,0,0,0,0,7,3,3,1,337,1,1
1115,1,0,0,0,9,2,3,1,441,2,4
1116,1,0,0,0,9,2,3,1,91,1,2
1117,0,0,0,0,3,2,2,0,902,2,1
1118,0,0,0,0,3,2,2,0,116,1,4
1119,1,0,0,0,7,3,3,1,2244,2,4
1120,1,0,0,0,7,3,3,1,2244,1,1
1121,0,1,0,0,1,2,3,1,2170,2,1
1122,0,1,0,0,1,2,3,1,2170,1,6
1123,1,0,0,0,1,3,3,0,1870,2,5
1124,1,0,0,0,1,3,3,0,1870,1,4
1125,1,0,0,0,4,2,3,0,2066,2,4
1126,1,0,0,0,4,2,3,0,2066,1,4
1127,1,0,0,0,2,2,3,0,2030,2,4
1128,1,0,0,0,2,2,3,0,2030,1,5
1129,0,0,0,0,1,1,3,0,253,2,7
1130,0,0,0,0,1,1,3,0,227,1,7
1131,1,0,0,0,1,2,3,0,2047,2,1
1132,1,0,0,0,1,2,3,0,2047,1,5
1133,0,0,0,0,9,2,4,1,1768,2,5
1134,0,0,0,0,9,2,4,1,372,1,5
1135,0,0,0,0,1,2,3,0,2043,2,7
1136,0,0,0,0,1,2,3,0,2043,1,6
1137,1,0,0,0,1,2,3,0,2162,2,6
1138,1,0,0,0,1,2,3,0,2162,1,2
1139,1,0,0,0,2,2,2,0,2093,2,4
1140,1,0,0,0,2,2,2,0,2093,1,6
1141,0,0,0,0,1,2,3,0,2310,2,3
1142,0,0,0,0,1,2,3,0,1183,1,6
1143,1,0,0,0,2,2,3,0,2128,2,2
1144,1,0,0,0,2,2,3,0,1606,1,6
1145,1,0,0,0,1,NA,4,0,1884,2,2
1146,1,0,0,0,1,NA,4,0,739,1,4
1147,1,0,0,0,2,2,3,0,219,2,7
1148,1,0,0,0,2,2,3,0,219,1,3
1149,1,0,0,0,3,1,3,0,2309,2,4
1150,1,0,0,0,3,1,3,0,2309,1,1
1151,0,0,0,0,12,2,3,1,313,2,6
1152,0,0,0,0,12,2,3,1,296,1,6
1153,1,0,0,1,4,2,3,0,546,2,2
1154,1,0,0,1,4,2,3,0,279,1,2
1155,0,0,0,0,1,2,3,0,2213,2,1
1156,0,0,0,0,1,2,3,0,2213,1,6
1157,1,0,0,0,1,2,3,0,1856,2,5
1158,1,0,0,0,1,2,3,0,1856,1,5
1159,0,0,0,0,1,2,3,0,1421,2,2
1160,0,0,0,0,1,2,3,0,1421,1,2
1161,0,0,0,0,4,2,4,0,460,2,2
1162,0,0,0,0,4,2,4,0,360,1,1
1163,0,0,0,0,2,2,1,0,2173,2,5
1164,0,0,0,0,2,2,1,0,959,1,1
1165,0,0,0,0,4,2,3,0,283,2,4
1166,0,0,0,0,4,2,3,0,146,1,2
1167,1,1,0,0,5,3,3,1,34,2,2
1168,1,1,0,0,5,3,3,1,9,1,6
1169,1,0,0,0,1,2,3,0,2191,2,6
1170,1,0,0,0,1,2,3,0,2191,1,4
1171,0,0,0,0,12,3,3,1,2186,2,4
1172,0,0,0,0,12,3,3,1,2186,1,5
1173,0,0,0,0,2,2,3,0,1159,2,4
1174,0,0,0,0,2,2,3,0,555,1,6
1175,0,1,0,0,3,1,3,0,616,2,1
1176,0,1,0,0,3,1,3,0,554,1,6
1177,1,0,0,0,2,3,3,0,2270,2,3
1178,1,0,0,0,2,3,3,0,2270,1,7
1179,1,0,0,1,NA,2,3,1,1061,2,3
1180,1,0,0,1,NA,2,3,1,253,1,3
1181,1,1,0,0,1,2,3,0,591,2,5
1182,1,1,0,0,1,2,3,0,411,1,6
1183,0,0,0,0,4,2,3,0,2065,2,5
1184,0,0,0,0,4,2,3,0,2065,1,1
1185,0,1,0,1,3,2,3,0,208,2,2
1186,0,1,0,1,3,2,3,0,154,1,6
1187,1,0,0,0,1,2,3,0,2360,2,7
1188,1,0,0,0,1,2,3,0,594,1,7
1189,0,0,0,0,3,2,3,0,2312,2,6
1190,0,0,0,0,3,2,3,0,2312,1,1
1191,0,0,0,0,1,2,3,0,1902,2,7
1192,0,0,0,0,1,2,3,0,1902,1,5
1193,1,1,0,0,5,1,2,1,1814,2,5
1194,1,1,0,0,5,1,2,1,1814,1,2
1195,1,1,0,0,2,2,3,0,2111,2,4
1196,1,1,0,0,2,2,3,0,2111,1,7
1197,1,0,0,0,1,2,3,0,2330,2,6
1198,1,0,0,0,1,2,3,0,2330,1,2
1199,1,0,0,0,5,2,3,1,2202,2,4
1200,1,0,0,0,5,2,3,1,2202,1,4
1201,0,0,0,0,3,2,3,0,1295,2,5
1202,0,0,0,0,3,2,3,0,573,1,1
1203,0,0,0,1,19,2,3,1,1918,2,3
1204,0,0,0,1,19,2,3,1,1918,1,6
1205,0,0,0,1,6,2,2,1,2066,2,4
1206,0,0,0,1,6,2,2,1,2066,1,1
1207,0,0,0,0,2,2,3,0,2136,2,7
1208,0,0,0,0,2,2,3,0,2136,1,4
1209,1,0,0,0,1,3,3,0,2289,2,6
1210,1,0,0,0,1,3,3,0,2289,1,6
1211,0,1,0,0,12,2,3,1,576,2,4
1212,0,1,0,0,12,2,3,1,255,1,2
1213,0,0,0,0,1,3,3,0,2232,2,5
1214,0,0,0,0,1,3,3,0,2232,1,6
1215,0,1,0,0,3,2,3,0,1034,2,3
1216,0,1,0,0,3,2,3,0,185,1,6
1217,1,1,0,0,NA,3,1,1,583,2,6
1218,1,1,0,0,NA,3,1,1,168,1,4
1219,1,0,0,0,4,2,3,0,417,2,5
1220,1,0,0,0,4,2,3,0,161,1,1
1221,0,0,0,1,1,2,3,0,1905,2,5
1222,0,0,0,1,1,2,3,0,1905,1,5
1223,1,0,0,0,4,2,3,0,875,2,2
1224,1,0,0,0,4,2,3,0,263,1,1
1225,1,0,0,0,1,2,3,0,674,2,6
1226,1,0,0,0,1,2,3,0,543,1,5
1227,1,0,0,0,2,2,3,0,2185,2,2
1228,1,0,0,0,2,2,3,0,2185,1,3
1229,1,0,0,0,2,2,3,0,1151,2,4
1230,1,0,0,0,2,2,3,0,636,1,6
1231,0,1,0,0,6,2,3,1,342,2,6
1232,0,1,0,0,6,2,3,1,175,1,1
1233,0,0,0,0,8,2,3,1,2187,2,1
1234,0,0,0,0,8,2,3,1,2187,1,2
1235,0,0,0,1,5,2,3,1,1434,2,6
1236,0,0,0,1,5,2,3,1,608,1,6
1237,1,0,0,0,14,3,3,1,430,2,2
1238,1,0,0,0,14,3,3,1,386,1,2
1239,0,0,0,1,2,2,3,0,2339,2,5
1240,0,0,0,1,2,2,3,0,1564,1,6
1241,1,0,0,1,2,2,3,0,1365,2,4
1242,1,0,0,1,2,2,3,0,934,1,3
1243,0,0,0,0,1,2,3,0,2313,2,7
1244,0,0,0,0,1,2,3,0,2313,1,3
1245,1,0,0,0,2,2,3,0,2153,2,1
1246,1,0,0,0,2,2,3,0,2153,1,7
1247,1,0,0,0,1,2,3,0,2164,2,1
1248,1,0,0,0,1,2,3,0,2164,1,5
1249,1,0,0,0,3,3,3,0,2180,2,2
1250,1,0,0,0,3,3,3,0,2180,1,7
1251,1,0,0,0,8,1,3,0,2110,2,7
1252,1,0,0,0,8,1,3,0,2110,1,4
1253,1,0,0,0,1,1,3,0,2139,2,1
1254,1,0,0,0,1,1,3,0,975,1,5
1255,1,0,0,0,2,NA,3,0,2120,2,2
1256,1,0,0,0,2,NA,3,0,2120,1,5
1257,0,0,0,0,5,2,2,1,2197,2,2
1258,0,0,0,0,5,2,2,1,1644,1,1
1259,1,0,0,0,4,3,4,0,453,2,2
1260,1,0,0,0,4,3,4,0,453,1,4
1261,1,0,0,0,7,3,3,1,928,2,7
1262,1,0,0,0,7,3,3,1,663,1,7
1263,0,1,0,0,3,1,3,0,675,2,3
1264,0,1,0,0,3,1,3,0,504,1,1
1265,1,1,0,0,4,2,3,0,2170,2,4
1266,1,1,0,0,4,2,3,0,2170,1,6
1267,0,0,0,0,3,2,3,0,2138,2,1
1268,0,0,0,0,3,2,3,0,2138,1,1
1269,1,0,1,0,3,3,3,0,2255,2,5
1270,1,0,1,0,3,3,3,0,2255,1,6
1271,0,0,0,0,NA,1,3,1,2290,2,4
1272,0,0,0,0,NA,1,3,1,2290,1,6
1273,0,1,0,0,1,2,3,0,1055,2,3
1274,0,1,0,0,1,2,3,0,960,1,6
1275,0,0,0,0,1,2,3,0,2347,2,5
1276,0,0,0,0,1,2,3,0,1687,1,5
1277,1,0,0,0,2,3,3,0,573,2,1
1278,1,0,0,0,2,3,3,0,336,1,6
1279,1,0,0,0,2,2,2,0,2200,2,3
1280,1,0,0,0,2,2,2,0,2200,1,6
1281,0,0,0,0,8,2,3,1,550,2,5
1282,0,0,0,0,8,2,3,1,322,1,2
1283,1,0,0,0,3,3,3,0,1405,2,4
1284,1,0,0,0,3,3,3,0,1298,1,1
1285,1,1,0,0,2,3,3,0,2355,2,1
1286,1,1,0,0,2,3,3,0,2031,1,5
1287,1,0,0,0,9,2,3,1,1186,2,6
1288,1,0,0,0,9,2,3,1,672,1,1
1289,1,0,0,1,1,NA,4,0,1540,2,2
1290,1,0,0,1,1,NA,4,0,369,1,7
1291,1,1,0,1,1,2,2,0,2229,2,5
1292,1,1,0,1,1,2,2,0,2229,1,3
1293,1,0,0,0,1,1,3,0,969,2,1
1294,1,0,0,0,1,1,3,0,742,1,5
1295,1,0,0,0,1,2,3,0,465,2,2
1296,1,0,0,0,1,2,3,0,433,1,5
1297,0,0,0,0,6,2,3,1,603,2,4
1298,0,0,0,0,6,2,3,1,458,1,4
1299,0,0,0,1,6,2,3,1,997,2,3
1300,0,0,0,1,6,2,3,1,490,1,6
1301,1,0,0,0,2,2,3,0,2274,2,3
1302,1,0,0,0,2,2,3,0,2274,1,7
1303,0,0,0,0,3,2,3,0,563,2,3
1304,0,0,0,0,3,2,3,0,294,1,3
1305,1,0,0,1,2,2,3,0,1434,2,1
1306,1,0,0,1,2,2,3,0,465,1,6
1307,0,0,0,0,3,2,3,0,2316,2,1
1308,0,0,0,0,3,2,3,0,2316,1,1
1309,0,1,0,0,3,2,3,0,692,2,4
1310,0,1,0,0,3,2,3,0,199,1,3
1311,1,0,0,0,3,2,3,0,1447,2,5
1312,1,0,0,0,3,2,3,0,499,1,2
1313,0,0,0,0,3,3,3,0,428,2,2
1314,0,0,0,0,3,3,3,0,165,1,2
1315,0,0,0,0,1,1,2,0,2152,2,7
1316,0,0,0,0,1,1,2,0,2152,1,3
1317,1,0,0,0,3,2,3,0,854,2,1
1318,1,0,0,0,3,2,3,0,406,1,1
1319,1,0,0,0,2,2,3,0,2093,2,2
1320,1,0,0,0,2,2,3,0,2093,1,5
1321,1,0,0,1,1,2,3,0,2198,2,4
1322,1,0,0,1,1,2,3,0,2198,1,1
1323,1,0,0,0,1,3,3,0,2126,2,7
1324,1,0,0,0,1,3,3,0,113,1,4
1325,1,0,0,0,2,3,2,0,2189,2,5
1326,1,0,0,0,2,3,2,0,2189,1,3
1327,1,1,0,0,1,2,3,0,2142,2,5
1328,1,1,0,0,1,2,3,0,2142,1,4
1329,1,0,0,0,3,2,2,0,2278,2,2
1330,1,0,0,0,3,2,2,0,2278,1,7
1331,1,1,0,0,4,2,3,0,622,2,4
1332,1,1,0,0,4,2,3,0,20,1,6
1333,0,1,0,0,6,2,3,1,2192,2,1
1334,0,1,0,0,6,2,3,1,2192,1,7
1335,1,1,0,0,2,3,3,0,413,2,7
1336,1,1,0,0,2,3,3,0,280,1,3
1337,0,0,0,0,2,2,3,0,1191,2,1
1338,0,0,0,0,2,2,3,0,680,1,2
1339,0,0,0,0,3,1,3,0,1139,2,4
1340,0,0,0,0,3,1,3,0,1139,1,6
1341,1,1,0,0,2,3,3,0,165,2,5
1342,1,1,0,0,2,3,3,0,111,1,1
1343,1,0,0,1,3,NA,2,0,2210,2,4
1344,1,0,0,1,3,NA,2,0,2210,1,7
1345,1,0,0,0,5,2,2,1,2227,2,6
1346,1,0,0,0,5,2,2,1,2227,1,6
1347,1,0,0,0,1,2,2,0,2076,2,3
1348,1,0,0,0,1,2,2,0,2076,1,4
1349,1,0,0,0,2,2,3,0,2132,2,5
1350,1,0,0,0,2,2,3,0,2132,1,3
1351,0,1,0,0,3,1,3,0,2084,2,6
1352,0,1,0,0,3,1,3,0,2084,1,4
1353,1,0,0,0,2,2,4,0,1905,2,7
1354,1,0,0,0,2,2,4,0,379,1,1
1355,0,0,0,0,7,2,3,1,608,2,5
1356,0,0,0,0,7,2,3,1,286,1,3
1357,1,0,0,0,1,2,2,0,2066,2,7
1358,1,0,0,0,1,2,2,0,2066,1,1
1359,0,0,0,0,4,2,3,0,2006,2,4
1360,0,0,0,0,4,2,3,0,2006,1,5
1361,1,0,0,0,3,2,2,0,2183,2,7
1362,1,0,0,0,3,2,2,0,2183,1,5
1363,1,0,0,0,1,2,1,0,2099,2,3
1364,1,0,0,0,1,2,1,0,2099,1,5
1365,1,0,0,0,1,2,3,0,1879,2,1
1366,1,0,0,0,1,2,3,0,1879,1,3
1367,0,1,0,0,3,2,3,0,264,2,3
1368,0,1,0,0,3,2,3,0,99,1,7
1369,0,1,0,0,1,2,3,0,2107,2,4
1370,0,1,0,0,1,2,3,0,2107,1,5
1371,1,0,0,0,15,3,3,1,743,2,7
1372,1,0,0,0,15,3,3,1,491,1,5
1373,1,0,0,0,2,2,3,0,966,2,6
1374,1,0,0,0,2,2,3,0,102,1,5
1375,1,0,0,0,1,2,3,0,2076,2,1
1376,1,0,0,0,1,2,3,0,2076,1,5
1377,1,1,0,0,4,3,3,0,24,2,7
1378,1,1,0,0,4,3,3,0,24,1,3
1379,0,0,1,0,2,2,3,0,448,2,2
1380,0,0,1,0,2,2,3,0,380,1,4
1381,0,0,0,0,9,2,3,1,909,2,1
1382,0,0,0,0,9,2,3,1,415,1,6
1383,0,0,0,0,1,1,3,0,2188,2,5
1384,0,0,0,0,1,1,3,0,1647,1,3
1385,1,1,0,0,2,NA,4,0,469,2,4
1386,1,1,0,0,2,NA,4,0,174,1,7
1387,0,0,1,1,2,3,4,0,594,2,5
1388,0,0,1,1,2,3,4,0,243,1,5
1389,0,0,0,0,1,2,3,0,2008,2,1
1390,0,0,0,0,1,2,3,0,2008,1,5
1391,1,0,0,0,3,2,4,0,1276,2,2
1392,1,0,0,0,3,2,4,0,827,1,4
1393,1,0,0,0,2,2,3,0,957,2,1
1394,1,0,0,0,2,2,3,0,686,1,3
1395,1,0,0,0,4,2,3,0,1950,2,2
1396,1,0,0,0,4,2,3,0,495,1,5
1397,1,0,0,0,1,2,3,0,2668,2,2
1398,1,0,0,0,1,2,3,0,2668,1,6
1399,0,1,0,0,2,1,3,0,2250,2,3
1400,0,1,0,0,2,1,3,0,2250,1,7
1401,0,0,0,0,1,2,3,0,2191,2,5
1402,0,0,0,0,1,2,3,0,2191,1,1
1403,1,0,0,1,1,2,3,0,2365,2,1
1404,1,0,0,1,1,2,3,0,2365,1,4
1405,0,0,0,0,1,2,3,0,2331,2,7
1406,0,0,0,0,1,2,3,0,2331,1,6
1407,1,0,0,1,5,2,3,1,1262,2,2
1408,1,0,0,1,5,2,3,1,1108,1,2
1409,1,0,0,0,2,2,3,0,1537,2,7
1410,1,0,0,0,2,2,3,0,1537,1,5
1411,1,0,0,0,3,2,3,1,2387,2,5
1412,1,0,0,0,3,2,3,1,2387,1,4
1413,1,0,0,0,1,2,3,0,2235,2,1
1414,1,0,0,0,1,2,3,0,2235,1,7
1415,0,0,0,0,3,2,3,0,1980,2,2
1416,0,0,0,0,3,2,3,0,1980,1,4
1417,1,0,0,0,2,1,1,0,578,2,3
1418,1,0,0,0,2,1,1,0,285,1,2
1419,1,0,0,0,4,1,3,0,1083,2,4
1420,1,0,0,0,4,1,3,0,203,1,5
1421,1,0,0,0,3,2,3,0,1875,2,6
1422,1,0,0,0,3,2,3,0,1436,1,6
1423,0,0,0,0,3,2,3,0,2384,2,7
1424,0,0,0,0,3,2,3,0,402,1,2
1425,1,1,0,0,3,2,3,0,563,2,5
1426,1,1,0,0,3,2,3,0,354,1,1
1427,0,0,0,0,4,3,3,0,2076,2,2
1428,0,0,0,0,4,3,3,0,2076,1,4
1429,1,0,0,0,1,2,3,0,2025,2,7
1430,1,0,0,0,1,2,3,0,2025,1,5
1431,1,0,0,0,7,2,3,1,2055,2,2
1432,1,0,0,0,7,2,3,1,2055,1,7
1433,0,0,0,0,2,2,3,0,1375,2,2
1434,0,0,0,0,2,2,3,0,540,1,4
1435,1,0,0,0,2,2,2,0,2350,2,2
1436,1,0,0,0,2,2,2,0,2350,1,6
1437,0,0,0,1,1,2,3,0,2200,2,6
1438,0,0,0,1,1,2,3,0,2200,1,5
1439,1,1,1,0,3,2,3,0,2222,2,4
1440,1,1,1,0,3,2,3,0,2222,1,1
1441,1,0,0,0,7,2,3,1,2149,2,4
1442,1,0,0,0,7,2,3,1,1432,1,1
1443,1,0,0,0,4,2,2,0,2303,2,4
1444,1,0,0,0,4,2,2,0,2303,1,2
1445,1,0,1,0,4,2,4,0,322,2,2
1446,1,0,1,0,4,2,4,0,201,1,5
1447,1,0,0,0,3,2,3,0,764,2,3
1448,1,0,0,0,3,2,3,0,525,1,3
1449,0,1,0,1,1,2,3,0,765,2,3
1450,0,1,0,1,1,2,3,0,415,1,4
1451,0,0,0,0,8,1,3,1,93,2,3
1452,0,0,0,0,8,1,3,1,38,1,1
1453,1,1,0,0,3,2,3,0,1918,2,1
1454,1,1,0,0,3,2,3,0,1918,1,3
1455,1,0,0,0,1,1,2,0,1932,2,1
1456,1,0,0,0,1,1,2,0,276,1,7
1457,0,0,0,0,1,2,2,0,2278,2,6
1458,0,0,0,0,1,2,2,0,2278,1,5
1459,1,1,0,0,9,3,3,1,145,2,7
1460,1,1,0,0,9,3,3,1,59,1,4
1461,0,0,0,0,1,3,3,0,1913,2,4
1462,0,0,0,0,1,3,3,0,1913,1,6
1463,1,0,0,0,2,2,3,0,2176,2,6
1464,1,0,0,0,2,2,3,0,2176,1,7
1465,0,0,0,0,1,3,3,0,1995,2,2
1466,0,0,0,0,1,3,3,0,1995,1,6
1467,1,0,0,1,1,2,3,0,2023,2,6
1468,1,0,0,1,1,2,3,0,2023,1,6
1469,1,0,0,0,7,2,3,1,1935,2,3
1470,1,0,0,0,7,2,3,1,1935,1,6
1471,1,0,0,0,NA,2,3,1,2191,2,7
1472,1,0,0,0,NA,2,3,1,1539,1,4
1473,0,0,0,0,1,3,3,0,2191,2,5
1474,0,0,0,0,1,3,3,0,2191,1,6
1475,1,0,0,0,2,NA,3,0,1856,2,2
1476,1,0,0,0,2,NA,3,0,1856,1,3
1477,1,0,0,0,8,2,3,1,628,2,1
1478,1,0,0,0,8,2,3,1,628,1,4
1479,1,0,0,0,3,2,2,0,1976,2,2
1480,1,0,0,0,3,2,2,0,1976,1,1
1481,0,0,0,0,5,2,3,1,1819,2,1
1482,0,0,0,0,5,2,3,1,1819,1,3
1483,0,0,0,1,8,2,4,1,141,2,7
1484,0,0,0,1,8,2,4,1,101,1,3
1485,1,1,0,0,2,2,3,0,422,2,1
1486,1,1,0,0,2,2,3,0,19,1,5
1487,1,1,0,0,3,2,3,0,2006,2,2
1488,1,1,0,0,3,2,3,0,2006,1,7
1489,0,0,0,0,2,2,2,0,2113,2,5
1490,0,0,0,0,2,2,2,0,2113,1,3
1491,1,0,0,0,4,2,2,0,1823,2,3
1492,1,0,0,0,4,2,2,0,1823,1,7
1493,1,1,0,0,3,2,3,0,2170,2,6
1494,1,1,0,0,3,2,3,0,2170,1,3
1495,1,0,0,0,11,2,3,1,1812,2,5
1496,1,0,0,0,11,2,3,1,1723,1,1
1497,0,0,0,0,2,2,3,0,1838,2,1
1498,0,0,0,0,2,2,3,0,1838,1,1
1499,1,1,0,0,2,2,3,0,1855,2,5
1500,1,1,0,0,2,2,3,0,1855,1,1
1501,0,1,0,0,2,3,3,0,269,2,3
1502,0,1,0,0,2,3,3,0,185,1,6
1503,1,0,0,0,1,2,3,0,2414,2,6
1504,1,0,0,0,1,2,3,0,2414,1,6
1505,1,0,0,1,2,2,2,0,2174,2,4
1506,1,0,0,1,2,2,2,0,2174,1,4
1507,1,0,0,0,1,2,2,0,2263,2,7
1508,1,0,0,0,1,2,2,0,2263,1,4
1509,1,0,0,0,7,2,3,1,1495,2,7
1510,1,0,0,0,7,2,3,1,1159,1,6
1511,0,0,0,0,10,3,3,1,314,2,4
1512,0,0,0,0,10,3,3,1,113,1,5
1513,1,0,0,0,2,2,3,0,2261,2,5
1514,1,0,0,0,2,2,3,0,1455,1,1
1515,0,0,0,0,12,2,3,1,716,2,1
1516,0,0,0,0,12,2,3,1,398,1,2
1517,1,0,0,0,1,2,3,0,2190,2,2
1518,1,0,0,0,1,2,3,0,2190,1,5
1519,0,0,0,0,6,3,3,1,2331,2,4
1520,0,0,0,0,6,3,3,1,434,1,2
1521,0,0,0,0,3,2,3,0,2187,2,3
1522,0,0,0,0,3,2,3,0,2187,1,1
1523,1,0,0,1,1,2,4,0,602,2,5
1524,1,0,0,1,1,2,4,0,157,1,7
1525,0,0,0,1,2,1,3,0,666,2,5
1526,0,0,0,1,2,1,3,0,405,1,2
1527,1,0,0,0,5,2,3,1,138,2,1
1528,1,0,0,0,5,2,3,1,86,1,5
1529,0,1,0,0,3,3,3,0,2001,2,1
1530,0,1,0,0,3,3,3,0,2001,1,4
1531,0,0,0,0,5,2,3,1,887,2,4
1532,0,0,0,0,5,2,3,1,554,1,6
1533,0,0,1,0,2,1,2,0,1207,2,4
1534,0,0,1,0,2,1,2,0,189,1,1
1535,1,0,0,0,2,2,3,0,1997,2,6
1536,1,0,0,0,2,2,3,0,1997,1,5
1537,0,0,0,0,1,2,3,0,1864,2,4
1538,0,0,0,0,1,2,3,0,1864,1,6
1539,1,0,0,1,7,3,3,1,2422,2,5
1540,1,0,0,1,7,3,3,1,2422,1,7
1541,0,1,0,0,NA,3,3,1,444,2,3
1542,0,1,0,0,NA,3,3,1,271,1,3
1543,0,0,1,1,3,2,3,0,2375,2,6
1544,0,0,1,1,3,2,3,0,2375,1,5
1545,0,1,0,0,2,2,3,0,718,2,4
1546,0,1,0,0,2,2,3,0,337,1,2
1547,1,0,0,0,2,2,3,0,2204,2,3
1548,1,0,0,0,2,2,3,0,2204,1,7
1549,1,0,0,1,1,1,3,0,2120,2,1
1550,1,0,0,1,1,1,3,0,2120,1,1
1551,0,0,1,1,5,1,3,1,766,2,2
1552,0,0,1,1,5,1,3,1,294,1,3
1553,0,1,0,1,6,3,3,1,366,2,7
1554,0,1,0,1,6,3,3,1,333,1,6
1555,0,0,0,0,14,3,2,1,1752,2,7
1556,0,0,0,0,14,3,2,1,8,1,2
1557,1,0,0,1,7,3,3,1,2183,2,7
1558,1,0,0,1,7,3,3,1,2183,1,2
1559,0,0,0,1,1,2,3,0,1902,2,3
1560,0,0,0,1,1,2,3,0,1902,1,7
1561,1,0,0,0,7,2,4,1,259,2,7
1562,1,0,0,0,7,2,4,1,108,1,7
1563,0,0,1,1,4,3,3,0,609,2,2
1564,0,0,1,1,4,3,3,0,328,1,1
1565,0,1,0,0,1,1,3,0,832,2,7
1566,0,1,0,0,1,1,3,0,382,1,3
1567,1,1,0,1,4,2,3,0,164,2,7
1568,1,1,0,1,4,2,3,0,109,1,6
1569,1,0,0,1,2,3,3,0,1828,2,2
1570,1,0,0,1,2,3,3,0,1828,1,4
1571,0,0,0,0,3,2,3,0,2147,2,1
1572,0,0,0,0,3,2,3,0,2147,1,3
1573,0,0,0,0,NA,2,3,1,201,2,1
1574,0,0,0,0,NA,2,3,1,106,1,1
1575,0,0,0,0,3,2,1,0,2221,2,4
1576,0,0,0,0,3,2,1,0,2221,1,5
1577,0,0,0,0,2,3,3,0,503,2,1
1578,0,0,0,0,2,3,3,0,296,1,1
1579,1,0,0,0,9,2,3,1,376,2,1
1580,1,0,0,0,9,2,3,1,230,1,3
1581,0,0,0,0,2,2,3,0,811,2,1
1582,0,0,0,0,2,2,3,0,466,1,1
1583,0,0,0,0,3,2,3,0,1985,2,4
1584,0,0,0,0,3,2,3,0,1985,1,7
1585,1,0,0,0,2,2,3,0,2076,2,6
1586,1,0,0,0,2,2,3,0,2076,1,6
1587,1,0,0,0,8,2,3,1,1154,2,6
1588,1,0,0,0,8,2,3,1,565,1,4
1589,1,0,0,0,5,2,2,1,844,2,1
1590,1,0,0,0,5,2,2,1,844,1,7
1591,1,1,0,1,1,1,3,0,1031,2,4
1592,1,1,0,1,1,1,3,0,577,1,4
1593,1,0,0,0,3,2,3,0,1302,2,3
1594,1,0,0,0,3,2,3,0,683,1,6
1595,0,1,0,0,3,2,3,0,2169,2,3
1596,0,1,0,0,3,2,3,0,2169,1,4
1597,0,0,0,0,1,2,2,0,1929,2,6
1598,0,0,0,0,1,2,2,0,1929,1,5
1599,0,0,0,0,1,2,3,0,1800,2,3
1600,0,0,0,0,1,2,3,0,1800,1,6
1601,0,0,0,0,12,2,3,1,355,2,6
1602,0,0,0,0,12,2,3,1,85,1,2
1603,1,0,0,0,1,2,3,0,669,2,5
1604,1,0,0,0,1,2,3,0,599,1,5
1605,0,0,0,0,7,2,2,1,465,2,7
1606,0,0,0,0,7,2,2,1,166,1,5
1607,1,0,0,0,6,2,3,1,2157,2,2
1608,1,0,0,0,6,2,3,1,2157,1,3
1609,1,0,0,0,7,2,3,1,929,2,3
1610,1,0,0,0,7,2,3,1,752,1,2
1611,0,0,0,0,2,2,3,0,2242,2,5
1612,0,0,0,0,2,2,3,0,224,1,1
1613,1,0,0,0,2,2,3,0,2212,2,1
1614,1,0,0,0,2,2,3,0,2067,1,1
1615,1,0,0,0,1,2,3,0,2148,2,4
1616,1,0,0,0,1,2,3,0,2148,1,6
1617,1,1,0,0,7,2,3,1,171,2,5
1618,1,1,0,0,7,2,3,1,35,1,2
1619,1,1,0,0,1,2,4,0,629,2,4
1620,1,1,0,0,1,2,4,0,366,1,6
1621,1,0,0,0,2,2,2,0,1829,2,4
1622,1,0,0,0,2,2,2,0,1029,1,4
1623,1,0,1,0,9,2,3,1,1939,2,5
1624,1,0,1,0,9,2,3,1,1939,1,2
1625,0,0,0,0,7,2,3,1,529,2,2
1626,0,0,0,0,7,2,3,1,393,1,4
1627,0,1,0,0,2,2,3,0,2130,2,1
1628,0,1,0,0,2,2,3,0,2130,1,4
1629,0,0,0,0,2,NA,1,0,1990,2,7
1630,0,0,0,0,2,NA,1,0,1990,1,5
1631,1,0,0,0,5,3,3,1,587,2,7
1632,1,0,0,0,5,3,3,1,286,1,2
1633,0,0,0,0,7,1,2,1,1145,2,1
1634,0,0,0,0,7,1,2,1,482,1,6
1635,1,0,0,0,2,1,3,0,2162,2,4
1636,1,0,0,0,2,1,3,0,2162,1,4
1637,1,1,0,0,NA,1,3,1,643,2,7
1638,1,1,0,0,NA,1,3,1,134,1,5
1639,1,0,0,0,11,2,3,1,2129,2,3
1640,1,0,0,0,11,2,3,1,429,1,3
1641,1,0,0,0,3,2,3,0,1437,2,5
1642,1,0,0,0,3,2,3,0,401,1,5
1643,1,1,0,0,14,2,4,1,512,2,5
1644,1,1,0,0,14,2,4,1,300,1,6
1645,0,1,0,0,1,2,3,0,2008,2,6
1646,0,1,0,0,1,2,3,0,2008,1,2
1647,0,0,0,0,1,2,3,0,1814,2,1
1648,0,0,0,0,1,2,3,0,1814,1,5
1649,0,1,0,1,3,2,3,0,2161,2,2
1650,0,1,0,1,3,2,3,0,2161,1,2
1651,0,1,0,0,5,2,3,1,506,2,4
1652,0,1,0,0,5,2,3,1,188,1,6
1653,1,0,0,0,3,1,3,0,1482,2,7
1654,1,0,0,0,3,1,3,0,712,1,7
1655,1,0,0,0,10,3,3,1,1964,2,3
1656,1,0,0,0,10,3,3,1,1964,1,3
1657,0,0,0,0,17,3,3,1,693,2,6
1658,0,0,0,0,17,3,3,1,132,1,2
1659,0,0,0,1,4,2,3,0,592,2,3
1660,0,0,0,1,4,2,3,0,242,1,3
1661,1,0,0,0,1,2,2,0,2207,2,4
1662,1,0,0,0,1,2,2,0,2207,1,4
1663,0,0,0,0,3,1,3,0,2181,2,7
1664,0,0,0,0,3,1,3,0,2181,1,3
1665,1,0,0,0,9,3,3,1,696,2,3
1666,1,0,0,0,9,3,3,1,466,1,2
1667,0,0,0,0,10,3,3,1,257,2,2
1668,0,0,0,0,10,3,3,1,145,1,1
1669,0,0,0,0,3,2,3,0,2171,2,4
1670,0,0,0,0,3,2,3,0,1551,1,6
1671,0,1,0,0,4,2,3,0,2209,2,5
1672,0,1,0,0,4,2,3,0,2209,1,5
1673,0,1,0,0,1,1,3,0,1122,2,4
1674,0,1,0,0,1,1,3,0,413,1,4
1675,0,0,0,0,4,2,3,0,936,2,1
1676,0,0,0,0,4,2,3,0,659,1,4
1677,0,1,0,0,10,3,3,1,601,2,3
1678,0,1,0,0,10,3,3,1,160,1,1
1679,0,1,0,0,3,2,3,0,2265,2,3
1680,0,1,0,0,3,2,3,0,2036,1,2
1681,0,0,0,0,3,2,3,0,2198,2,6
1682,0,0,0,0,3,2,3,0,2198,1,2
1683,0,0,0,0,6,2,2,1,275,2,4
1684,0,0,0,0,6,2,2,1,173,1,4
1685,1,0,0,0,3,3,3,0,1195,2,2
1686,1,0,0,0,3,3,3,0,730,1,6
1687,1,1,0,0,3,2,3,0,2099,2,7
1688,1,1,0,0,3,2,3,0,2099,1,7
1689,0,0,0,0,1,2,3,0,2165,2,6
1690,0,0,0,0,1,2,3,0,2165,1,1
1691,1,0,0,0,2,2,3,0,2212,2,1
1692,1,0,0,0,2,2,3,0,2212,1,6
1693,1,0,0,0,1,2,3,0,355,2,5
1694,1,0,0,0,1,2,3,0,355,1,3
1695,0,0,0,0,1,3,2,0,2097,2,3
1696,0,0,0,0,1,3,2,0,2097,1,2
1697,0,1,0,0,1,2,3,0,56,2,7
1698,0,1,0,0,1,2,3,0,56,1,6
1699,1,1,0,0,4,2,3,0,589,2,3
1700,1,1,0,0,4,2,3,0,386,1,1
1701,1,0,0,0,9,2,3,1,510,2,3
1702,1,0,0,0,9,2,3,1,378,1,1
1703,0,0,0,0,3,2,3,0,2250,2,3
1704,0,0,0,0,3,2,3,0,2250,1,6
1705,1,1,0,1,4,3,2,0,612,2,6
1706,1,1,0,1,4,3,2,0,223,1,6
1707,0,0,0,0,5,2,3,1,2284,2,1
1708,0,0,0,0,5,2,3,1,2284,1,3
1709,0,0,0,0,3,1,3,0,1992,2,3
1710,0,0,0,0,3,1,3,0,1992,1,7
1711,1,1,0,0,5,2,2,1,251,2,4
1712,1,1,0,0,5,2,2,1,218,1,2
1713,0,0,0,0,3,NA,2,0,2070,2,7
1714,0,0,0,0,3,NA,2,0,2070,1,1
1715,0,0,0,0,1,2,3,0,1209,2,2
1716,0,0,0,0,1,2,3,0,774,1,7
1717,0,0,0,0,1,2,3,0,2122,2,1
1718,0,0,0,0,1,2,3,0,2122,1,6
1719,0,1,0,0,2,1,3,0,2111,2,5
1720,0,1,0,0,2,1,3,0,2111,1,6
1721,0,0,0,1,11,2,3,1,274,2,4
1722,0,0,0,1,11,2,3,1,198,1,6
1723,0,0,0,0,1,1,3,0,1306,2,3
1724,0,0,0,0,1,1,3,0,1032,1,5
1725,0,0,0,0,1,3,2,0,1325,2,2
1726,0,0,0,0,1,3,2,0,751,1,5
1727,1,0,0,1,10,2,3,1,1968,2,6
1728,1,0,0,1,10,2,3,1,1968,1,6
1729,0,0,0,0,2,2,3,0,753,2,1
1730,0,0,0,0,2,2,3,0,131,1,2
1731,1,0,0,1,2,2,4,0,760,2,4
1732,1,0,0,1,2,2,4,0,271,1,6
1733,1,0,0,0,16,2,3,1,1861,2,1
1734,1,0,0,0,16,2,3,1,1861,1,5
1735,1,0,0,0,3,1,3,0,1138,2,4
1736,1,0,0,0,3,1,3,0,616,1,3
1737,0,0,0,0,2,2,2,0,2167,2,5
1738,0,0,0,0,2,2,2,0,2167,1,3
1739,1,1,0,0,1,2,3,0,1944,2,1
1740,1,1,0,0,1,2,3,0,1743,1,1
1741,0,0,0,0,13,3,3,1,372,2,3
1742,0,0,0,0,13,3,3,1,85,1,7
1743,0,0,0,0,1,2,1,0,1792,2,5
1744,0,0,0,0,1,2,1,0,1792,1,7
1745,1,0,0,1,4,2,3,0,986,2,2
1746,1,0,0,1,4,2,3,0,458,1,6
1747,0,1,0,0,2,2,3,0,2378,2,3
1748,0,1,0,0,2,2,3,0,2378,1,5
1749,1,0,1,1,12,2,3,1,390,2,6
1750,1,0,1,1,12,2,3,1,334,1,2
1751,0,0,0,1,2,2,2,0,642,2,1
1752,0,0,0,1,2,2,2,0,356,1,7
1753,1,0,0,0,3,2,3,0,2345,2,3
1754,1,0,0,0,3,2,3,0,1052,1,4
1755,1,0,0,0,2,2,2,0,2254,2,6
1756,1,0,0,0,2,2,2,0,1114,1,3
1757,0,0,0,0,1,2,3,0,2118,2,5
1758,0,0,0,0,1,2,3,0,2118,1,4
1759,0,1,0,0,2,2,3,0,1831,2,4
1760,0,1,0,0,2,2,3,0,1831,1,3
1761,0,0,0,0,3,3,3,0,2167,2,6
1762,0,0,0,0,3,3,3,0,2167,1,3
1763,1,0,0,0,2,2,3,0,1198,2,5
1764,1,0,0,0,2,2,3,0,1198,1,6
1765,1,0,0,1,2,2,3,0,2050,2,1
1766,1,0,0,1,2,2,3,0,2050,1,1
1767,1,0,0,1,2,3,3,0,271,2,2
1768,1,0,0,1,2,3,3,0,116,1,3
1769,0,0,0,0,2,2,2,0,2138,2,7
1770,0,0,0,0,2,2,2,0,181,1,3
1771,0,1,0,0,1,2,3,0,1891,2,6
1772,0,1,0,0,1,2,3,0,1891,1,7
1773,1,0,0,0,6,2,3,1,1313,2,5
1774,1,0,0,0,6,2,3,1,344,1,2
1775,1,0,0,0,3,2,3,0,1853,2,1
1776,1,0,0,0,3,2,3,0,1853,1,1
1777,1,1,0,0,3,3,3,0,2130,2,6
1778,1,1,0,0,3,3,3,0,2130,1,1
1779,1,0,0,0,8,2,3,1,150,2,4
1780,1,0,0,0,8,2,3,1,100,1,4
1781,0,0,0,0,6,2,3,1,759,2,4
1782,0,0,0,0,6,2,3,1,91,1,1
1783,1,0,0,0,1,2,3,0,2100,2,1
1784,1,0,0,0,1,2,3,0,2100,1,4
1785,0,0,0,0,4,2,3,0,2101,2,3
1786,0,0,0,0,4,2,3,0,602,1,4
1787,1,0,0,0,1,2,3,0,942,2,6
1788,1,0,0,0,1,2,3,0,883,1,1
1789,0,0,0,0,11,2,3,1,1823,2,3
1790,0,0,0,0,11,2,3,1,1823,1,4
1791,1,0,0,0,1,3,1,0,665,2,7
1792,1,0,0,0,1,3,1,0,665,1,4
1793,1,1,1,1,4,2,3,0,1656,2,2
1794,1,1,1,1,4,2,3,0,1057,1,4
1795,1,0,0,0,4,2,3,0,1969,2,5
1796,1,0,0,0,4,2,3,0,1969,1,7
1797,0,0,0,0,3,3,4,0,2190,2,2
1798,0,0,0,0,3,3,4,0,2190,1,6
1799,0,1,0,0,15,2,3,1,576,2,6
1800,0,1,0,0,15,2,3,1,230,1,1
1801,1,0,0,0,12,2,3,1,1103,2,4
1802,1,0,0,0,12,2,3,1,1103,1,1
1803,1,0,0,1,2,3,3,0,1046,2,6
1804,1,0,0,1,2,3,3,0,513,1,7
1805,0,0,0,0,3,2,3,0,1929,2,2
1806,0,0,0,0,3,2,3,0,1929,1,4
1807,1,0,0,0,10,1,3,1,125,2,3
1808,1,0,0,0,10,1,3,1,94,1,6
1809,0,0,0,0,2,1,3,0,187,2,3
1810,0,0,0,0,2,1,3,0,167,1,6
1811,1,0,0,0,3,2,3,0,939,2,2
1812,1,0,0,0,3,2,3,0,922,1,7
1813,0,0,0,0,12,3,3,1,887,2,3
1814,0,0,0,0,12,3,3,1,887,1,6
1815,0,0,0,0,2,2,3,0,1803,2,6
1816,0,0,0,0,2,2,3,0,1803,1,3
1817,1,0,0,0,1,2,3,0,2018,2,7
1818,1,0,0,0,1,2,3,0,2018,1,6
1819,0,0,0,1,12,2,3,1,1509,2,5
1820,0,0,0,1,12,2,3,1,1275,1,2
1821,1,0,0,0,13,2,3,1,314,2,7
1822,1,0,0,0,13,2,3,1,274,1,1
1823,1,0,0,0,3,1,3,0,1971,2,1
1824,1,0,0,0,3,1,3,0,1971,1,1
1825,1,1,1,1,3,2,3,0,1827,2,1
1826,1,1,1,1,3,2,3,0,1827,1,6
1827,0,1,0,0,3,2,2,0,1079,2,7
1828,0,1,0,0,3,2,2,0,99,1,3
1829,0,0,0,0,6,1,3,1,2114,2,6
1830,0,0,0,0,6,1,3,1,2114,1,5
1831,0,0,0,0,8,2,3,1,1262,2,6
1832,0,0,0,0,8,2,3,1,438,1,6
1833,0,0,0,0,5,3,3,1,259,2,2
1834,0,0,0,0,5,3,3,1,122,1,1
1835,1,0,0,0,7,2,2,1,323,2,1
1836,1,0,0,0,7,2,2,1,78,1,2
1837,0,1,0,1,1,2,2,0,678,2,5
1838,0,1,0,1,1,2,2,0,532,1,3
1839,0,0,0,1,5,2,2,1,1827,2,4
1840,0,0,0,1,5,2,2,1,1827,1,4
1841,1,1,0,0,3,2,4,0,1399,2,1
1842,1,1,0,0,3,2,4,0,476,1,1
1843,0,0,0,0,1,2,3,0,1022,2,2
1844,0,0,0,0,1,2,3,0,329,1,6
1845,1,1,0,0,2,3,3,0,2240,2,4
1846,1,1,0,0,2,3,3,0,2240,1,2
1847,1,1,0,1,2,3,3,0,2158,2,5
1848,1,1,0,1,2,3,3,0,2158,1,6
1849,1,0,0,1,4,2,3,0,1875,2,2
1850,1,0,0,1,4,2,3,0,1875,1,1
1851,0,0,0,0,1,2,3,0,2154,2,5
1852,0,0,0,0,1,2,3,0,2154,1,6
1853,1,0,0,1,1,3,3,0,1018,2,2
1854,1,0,0,1,1,3,3,0,851,1,7
1855,0,1,0,0,4,2,3,1,2072,2,4
1856,0,1,0,0,4,2,3,1,2072,1,1
1857,0,1,0,0,1,2,3,0,1820,2,2
1858,0,1,0,0,1,2,3,0,1820,1,3
